admin_unit_code,name,state,admin_level,census_state_code,census_district_code,has_deficit_data,match_method
IN-AP-adilabad,Adilabad,Andhra Pradesh,level-2,28,1,true,census_code
IN-UP-agra,Agra,Uttar Pradesh,level-2,9,15,true,census_code
IN-GJ-ahmadabad,Ahmadabad,Gujarat,level-2,24,7,true,census_code
IN-MH-ahmadnagar,Ahmadnagar,Maharashtra,level-2,27,26,true,census_code
IN-MZ-aizawl,Aizawl,Mizoram,level-2,15,3,true,census_code
IN-RJ-ajmer,Ajmer,Rajasthan,level-2,8,21,true,census_code
IN-MH-akola,Akola,Maharashtra,level-2,27,5,true,census_code
IN-KL-alappuzha,Alappuzha,Kerala,level-2,32,11,true,census_code
IN-UP-aligarh,Aligarh,Uttar Pradesh,level-2,9,12,true,census_code
IN-MP-alirajpur,Alirajpur,Madhya Pradesh,level-2,23,48,true,census_code
IN-UP-allahabad,Allahabad,Uttar Pradesh,level-2,9,44,true,census_code
IN-UT-almora,Almora,Uttarakhand,level-2,5,9,true,census_code
IN-RJ-alwar,Alwar,Rajasthan,level-2,8,6,true,census_code
IN-HR-ambala,Ambala,Haryana,level-2,6,2,true,census_code
IN-UP-ambedkar-nagar,Ambedkar Nagar,Uttar Pradesh,level-2,9,47,true,census_code
IN-MH-amravati,Amravati,Maharashtra,level-2,27,7,true,census_code
IN-GJ-amreli,Amreli,Gujarat,level-2,24,13,true,census_code
IN-PB-amritsar,Amritsar,Punjab,level-2,3,15,true,census_code
IN-GJ-anand,Anand,Gujarat,level-2,24,15,true,census_code
IN-AP-anantapur,Anantapur,Andhra Pradesh,level-2,28,12,true,exact_state_district
IN-JK-anantnag,Anantnag,Jammu & Kashmir,level-2,1,14,true,census_code
IN-AR-anjaw,Anjaw,Arunanchal Pradesh,level-2,12,16,true,census_code
IN-OR-anugul,Anugul,Odisha,level-2,21,15,true,census_code
IN-MP-anuppur,Anuppur,Madhya Pradesh,level-2,23,44,true,census_code
IN-BR-araria,Araria,Bihar,level-2,10,7,true,census_code
IN-TN-ariyalur,Ariyalur,Tamil Nadu,level-2,33,15,true,census_code
IN-MP-ashoknagar,Ashoknagar,Madhya Pradesh,level-2,23,42,true,census_code
IN-UP-auraiya,Auraiya,Uttar Pradesh,level-2,9,31,true,census_code
IN-BR-aurangabad,Aurangabad,Bihar,level-2,10,33,true,census_code
IN-MH-aurangabad,Aurangabad,Maharashtra,level-2,27,19,true,census_code
IN-UP-azamgarh,Azamgarh,Uttar Pradesh,level-2,9,60,true,census_code
IN-JK-badgam,Badgam,Jammu & Kashmir,level-2,1,2,true,census_code
IN-KA-bagalkot,Bagalkot,Karnataka,level-2,29,2,true,census_code
IN-UT-bageshwar,Bageshwar,Uttarakhand,level-2,5,8,true,census_code
IN-UP-baghpat,Baghpat,Uttar Pradesh,level-2,9,8,true,census_code
IN-UP-bahraich,Bahraich,Uttar Pradesh,level-2,9,49,true,census_code
IN-AS-baksa,Baksa,Assam,level-2,18,25,true,census_code
IN-MP-balaghat,Balaghat,Madhya Pradesh,level-2,23,40,true,census_code
IN-OR-balangir,Balangir,Odisha,level-2,21,24,true,census_code
IN-OR-baleshwar,Baleshwar,Odisha,level-2,21,8,true,census_code
IN-UP-ballia,Ballia,Uttar Pradesh,level-2,9,62,true,census_code
IN-UP-balrampur,Balrampur,Uttar Pradesh,level-2,9,51,true,census_code
IN-GJ-banas-kantha,Banas Kantha,Gujarat,level-2,24,2,true,census_code
IN-UP-banda,Banda,Uttar Pradesh,level-2,9,39,true,census_code
IN-JK-bandipore,Bandipore,Jammu & Kashmir,level-2,1,9,true,census_code
IN-KA-bangalore-rural,Bangalore Rural,Karnataka,level-2,29,29,true,census_code
IN-KA-bangalore,Bangalore,Karnataka,level-2,29,18,true,census_code
IN-BR-banka,Banka,Bihar,level-2,10,23,true,census_code
IN-WB-bankura,Bankura,West Bengal,level-2,19,13,true,census_code
IN-RJ-banswara,Banswara,Rajasthan,level-2,8,27,true,census_code
IN-UP-bara-banki,Bara Banki,Uttar Pradesh,level-2,9,45,true,census_code
IN-OR-bargarh,Bargarh,Odisha,level-2,21,1,true,census_code
IN-JK-baramula,Baramula,Jammu & Kashmir,level-2,1,8,true,census_code
IN-RJ-baran,Baran,Rajasthan,level-2,8,30,true,census_code
IN-WB-barddhaman,Barddhaman,West Bengal,level-2,19,9,true,census_code
IN-UP-bareilly,Bareilly,Uttar Pradesh,level-2,9,19,true,census_code
IN-RJ-barmer,Barmer,Rajasthan,level-2,8,17,true,census_code
IN-PB-barnala,Barnala,Punjab,level-2,3,20,true,census_code
IN-AS-barpeta,Barpeta,Assam,level-2,18,4,true,census_code
IN-MP-barwani,Barwani,Madhya Pradesh,level-2,23,24,true,census_code
IN-CT-bastar,Bastar,Chhattisgarh,level-2,22,15,true,census_code
IN-UP-basti,Basti,Uttar Pradesh,level-2,9,54,true,census_code
IN-PB-bathinda,Bathinda,Punjab,level-2,3,12,true,census_code
IN-OR-bauda,Bauda,Odisha,level-2,21,22,true,census_code
IN-BR-begusarai,Begusarai,Bihar,level-2,10,20,true,census_code
IN-KA-belgaum,Belgaum,Karnataka,level-2,29,1,true,census_code
IN-KA-bellary,Bellary,Karnataka,level-2,29,11,true,census_code
IN-MP-betul,Betul,Madhya Pradesh,level-2,23,30,true,census_code
IN-OR-bhadrak,Bhadrak,Odisha,level-2,21,9,true,census_code
IN-BR-bhagalpur,Bhagalpur,Bihar,level-2,10,22,true,census_code
IN-MH-bhandara,Bhandara,Maharashtra,level-2,27,10,true,census_code
IN-RJ-bharatpur,Bharatpur,Rajasthan,level-2,8,7,true,census_code
IN-GJ-bharuch,Bharuch,Gujarat,level-2,24,21,true,census_code
IN-GJ-bhavnagar,Bhavnagar,Gujarat,level-2,24,14,true,census_code
IN-RJ-bhilwara,Bhilwara,Rajasthan,level-2,8,24,true,census_code
IN-MP-bhind,Bhind,Madhya Pradesh,level-2,23,3,true,census_code
IN-HR-bhiwani,Bhiwani,Haryana,level-2,6,13,true,census_code
IN-BR-bhojpur,Bhojpur,Bihar,level-2,10,29,true,census_code
IN-MP-bhopal,Bhopal,Madhya Pradesh,level-2,23,27,true,census_code
IN-MH-bid,Bid,Maharashtra,level-2,27,27,true,census_code
IN-KA-bidar,Bidar,Karnataka,level-2,29,4,true,census_code
IN-CT-bijapur,Bijapur,Chhattisgarh,level-2,22,18,true,census_code
IN-KA-bijapur,Bijapur,Karnataka,level-2,29,3,true,census_code
IN-UP-bijnor,Bijnor,Uttar Pradesh,level-2,9,3,true,census_code
IN-RJ-bikaner,Bikaner,Rajasthan,level-2,8,3,true,census_code
IN-CT-bilaspur,Bilaspur,Chhattisgarh,level-2,22,7,true,census_code
IN-HP-bilaspur,Bilaspur,Himachal Pradesh,level-2,2,8,true,census_code
IN-WB-birbhum,Birbhum,West Bengal,level-2,19,8,true,census_code
IN-MN-bishnupur,Bishnupur,Manipur,level-2,14,4,true,census_code
IN-JH-bokaro,Bokaro,Jharkhand,level-2,20,10,true,census_code
IN-AS-bongaigaon,Bongaigaon,Assam,level-2,18,20,true,census_code
IN-UP-budaun,Budaun,Uttar Pradesh,level-2,9,18,true,census_code
IN-UP-bulandshahr,Bulandshahr,Uttar Pradesh,level-2,9,11,true,census_code
IN-MH-buldana,Buldana,Maharashtra,level-2,27,4,true,census_code
IN-RJ-bundi,Bundi,Rajasthan,level-2,8,23,true,census_code
IN-MP-burhanpur,Burhanpur,Madhya Pradesh,level-2,23,50,true,census_code
IN-BR-buxar,Buxar,Bihar,level-2,10,30,true,census_code
IN-AS-cachar,Cachar,Assam,level-2,18,17,true,census_code
IN-DL-central,Central,NCT of Delhi,level-2,7,6,true,census_code
IN-HP-chamba,Chamba,Himachal Pradesh,level-2,2,1,true,census_code
IN-UT-chamoli,Chamoli,Uttarakhand,level-2,5,2,true,census_code
IN-UT-champawat,Champawat,Uttarakhand,level-2,5,10,true,census_code
IN-MZ-champhai,Champhai,Mizoram,level-2,15,4,true,census_code
IN-KA-chamrajnagar,Chamrajnagar,Karnataka,level-2,29,24,true,census_code
IN-UP-chandauli,Chandauli,Uttar Pradesh,level-2,9,65,true,census_code
IN-MN-chandel,Chandel,Manipur,level-2,14,9,true,census_code
IN-CH-chandigarh,Chandigarh,Chandigarh,level-2,4,1,true,census_code
IN-MH-chandrapur,Chandrapur,Maharashtra,level-2,27,13,true,census_code
IN-AR-changlang,Changlang,Arunanchal Pradesh,level-2,12,9,true,census_code
IN-JH-chatra,Chatra,Jharkhand,level-2,20,2,true,census_code
IN-TN-chennai,Chennai,Tamil Nadu,level-2,33,2,true,census_code
IN-MP-chhatarpur,Chhatarpur,Madhya Pradesh,level-2,23,8,true,census_code
IN-MP-chhindwara,Chhindwara,Madhya Pradesh,level-2,23,38,true,census_code
IN-KA-chikkaballapura,Chikkaballapura,Karnataka,level-2,29,28,true,census_code
IN-KA-chikmagalur,Chikmagalur,Karnataka,level-2,29,16,true,census_code
IN-AS-chirang,Chirang,Assam,level-2,18,21,true,census_code
IN-KA-chitradurga,Chitradurga,Karnataka,level-2,29,12,true,census_code
IN-UP-chitrakoot,Chitrakoot,Uttar Pradesh,level-2,9,40,true,census_code
IN-RJ-chittaurgarh,Chittaurgarh,Rajasthan,level-2,8,28,true,census_code
IN-AP-chittoor,Chittoor,Andhra Pradesh,level-2,28,13,true,exact_state_district
IN-MN-churachandpur,Churachandpur,Manipur,level-2,14,3,true,census_code
IN-RJ-churu,Churu,Rajasthan,level-2,8,4,true,census_code
IN-TN-coimbatore,Coimbatore,Tamil Nadu,level-2,33,31,true,census_code
IN-TN-cuddalore,Cuddalore,Tamil Nadu,level-2,33,16,true,census_code
IN-AP-y-s-r,Y.s.r.,Andhra Pradesh,level-2,28,10,true,exact_state_district
IN-OR-cuttack,Cuttack,Odisha,level-2,21,12,true,census_code
IN-DH-dadra-nagar-haveli,Dadra & Nagar Haveli,Dadara & Nagar Havelli,level-2,26,1,true,census_code
IN-CT-dakshin-bastar-dantewada,Dakshin Bastar Dantewada,Chhattisgarh,level-2,22,17,true,census_code
IN-WB-dakshin-dinajpur,Dakshin Dinajpur,West Bengal,level-2,19,5,true,census_code
IN-KA-dakshina-kannada,Dakshina Kannada,Karnataka,level-2,29,21,true,census_code
IN-DH-daman,Daman,Daman & Diu,level-2,25,2,true,census_code
IN-MP-damoh,Damoh,Madhya Pradesh,level-2,23,11,true,census_code
IN-BR-darbhanga,Darbhanga,Bihar,level-2,10,13,true,census_code
IN-WB-darjiling,Darjiling,West Bengal,level-2,19,1,true,census_code
IN-AS-darrang,Darrang,Assam,level-2,18,26,true,census_code
IN-JK-data-not-available,Data Not Available,Jammu & Kashmir,level-2,,,false,unmatched
IN-MP-datia,Datia,Madhya Pradesh,level-2,23,5,true,census_code
IN-KA-davanagere,Davanagere,Karnataka,level-2,29,13,true,census_code
IN-OR-debagarh,Debagarh,Odisha,level-2,21,4,true,census_code
IN-UT-dehradun,Dehradun,Uttarakhand,level-2,5,5,true,census_code
IN-JH-deoghar,Deoghar,Jharkhand,level-2,20,5,true,census_code
IN-UP-deoria,Deoria,Uttar Pradesh,level-2,9,59,true,census_code
IN-MP-dewas,Dewas,Madhya Pradesh,level-2,23,20,true,census_code
IN-TR-dhalai,Dhalai,Tripura,level-2,16,3,true,census_code
IN-CT-dhamtari,Dhamtari,Chhattisgarh,level-2,22,13,true,census_code
IN-JH-dhanbad,Dhanbad,Jharkhand,level-2,20,9,true,census_code
IN-MP-dhar,Dhar,Madhya Pradesh,level-2,23,21,true,census_code
IN-TN-dharmapuri,Dharmapuri,Tamil Nadu,level-2,33,29,true,census_code
IN-KA-dharwad,Dharwad,Karnataka,level-2,29,8,true,census_code
IN-RJ-dhaulpur,Dhaulpur,Rajasthan,level-2,8,8,true,census_code
IN-AS-dhemaji,Dhemaji,Assam,level-2,18,9,true,census_code
IN-OR-dhenkanal,Dhenkanal,Odisha,level-2,21,14,true,census_code
IN-AS-dhubri,Dhubri,Assam,level-2,18,2,true,census_code
IN-MH-dhule,Dhule,Maharashtra,level-2,27,2,true,census_code
IN-AR-dibang-valley,Dibang Valley,Arunanchal Pradesh,level-2,12,13,true,census_code
IN-AS-dibrugarh,Dibrugarh,Assam,level-2,18,11,true,census_code
IN-TN-dindigul,Dindigul,Tamil Nadu,level-2,33,11,true,census_code
IN-MP-dindori,Dindori,Madhya Pradesh,level-2,23,36,true,census_code
IN-DH-diu,Diu,Daman & Diu,level-2,25,1,true,census_code
IN-JK-doda,Doda,Jammu & Kashmir,level-2,1,16,true,census_code
IN-GJ-dohad,Dohad,Gujarat,level-2,24,18,true,census_code
IN-JH-dumka,Dumka,Jharkhand,level-2,20,17,true,census_code
IN-RJ-dungarpur,Dungarpur,Rajasthan,level-2,8,26,true,census_code
IN-CT-durg,Durg,Chhattisgarh,level-2,22,10,true,census_code
IN-NL-dimapur,Dimapur,Nagaland,level-2,13,5,true,census_code
IN-DL-east,East,NCT of Delhi,level-2,7,4,true,census_code
IN-SK-east,East,Sikkim,level-2,11,4,true,census_code
IN-ML-east-garo-hills,East Garo Hills,Meghalaya,level-2,17,2,true,census_code
IN-AP-east-godavari,East Godavari,Andhra Pradesh,level-2,28,4,true,exact_state_district
IN-AR-east-kameng,East Kameng,Arunanchal Pradesh,level-2,12,3,true,census_code
IN-ML-east-khasi-hills,East Khasi Hills,Meghalaya,level-2,17,6,true,census_code
IN-MP-east-nimar,East Nimar,Madhya Pradesh,level-2,23,49,true,census_code
IN-AR-east-siang,East Siang,Arunanchal Pradesh,level-2,12,7,true,census_code
IN-KL-ernakulam,Ernakulam,Kerala,level-2,32,8,true,census_code
IN-TN-erode,Erode,Tamil Nadu,level-2,33,9,true,census_code
IN-UP-etah,Etah,Uttar Pradesh,level-2,9,70,true,census_code
IN-UP-etawah,Etawah,Uttar Pradesh,level-2,9,30,true,census_code
IN-UP-faizabad,Faizabad,Uttar Pradesh,level-2,9,46,true,census_code
IN-HR-faridabad,Faridabad,Haryana,level-2,6,20,true,census_code
IN-PB-faridkot,Faridkot,Punjab,level-2,3,11,true,census_code
IN-UP-farrukhabad,Farrukhabad,Uttar Pradesh,level-2,9,28,true,census_code
IN-HR-fatehabad,Fatehabad,Haryana,level-2,6,10,true,census_code
IN-PB-fatehgarh-sahib,Fatehgarh Sahib,Punjab,level-2,3,6,true,census_code
IN-UP-fatehpur,Fatehpur,Uttar Pradesh,level-2,9,41,true,census_code
IN-UP-firozabad,Firozabad,Uttar Pradesh,level-2,9,16,true,census_code
IN-PB-firozpur,Firozpur,Punjab,level-2,3,9,true,census_code
IN-KA-gadag,Gadag,Karnataka,level-2,29,7,true,census_code
IN-OR-gajapati,Gajapati,Odisha,level-2,21,20,true,census_code
IN-JK-ganderbal,Ganderbal,Jammu & Kashmir,level-2,1,11,true,census_code
IN-GJ-gandhinagar,Gandhinagar,Gujarat,level-2,24,6,true,census_code
IN-RJ-ganganagar,Ganganagar,Rajasthan,level-2,8,1,true,census_code
IN-OR-ganjam,Ganjam,Odisha,level-2,21,19,true,census_code
IN-MH-garhchiroli,Garhchiroli,Maharashtra,level-2,27,12,true,census_code
IN-JH-garhwa,Garhwa,Jharkhand,level-2,20,1,true,census_code
IN-UT-garhwal,Garhwal,Uttarakhand,level-2,5,6,true,census_code
IN-UP-gautam-buddha-nagar,Gautam Buddha Nagar,Uttar Pradesh,level-2,9,10,true,census_code
IN-BR-gaya,Gaya,Bihar,level-2,10,34,true,census_code
IN-UP-ghaziabad,Ghaziabad,Uttar Pradesh,level-2,9,9,true,census_code
IN-UP-ghazipur,Ghazipur,Uttar Pradesh,level-2,9,64,true,census_code
IN-JH-giridih,Giridih,Jharkhand,level-2,20,4,true,census_code
IN-AS-goalpara,Goalpara,Assam,level-2,18,3,true,census_code
IN-JH-godda,Godda,Jharkhand,level-2,20,6,true,census_code
IN-AS-golaghat,Golaghat,Assam,level-2,18,14,true,census_code
IN-UP-gonda,Gonda,Uttar Pradesh,level-2,9,52,true,census_code
IN-MH-gondiya,Gondiya,Maharashtra,level-2,27,11,true,census_code
IN-BR-gopalganj,Gopalganj,Bihar,level-2,10,15,true,census_code
IN-UP-gorakhpur,Gorakhpur,Uttar Pradesh,level-2,9,57,true,census_code
IN-KA-gulbarga,Gulbarga,Karnataka,level-2,29,25,true,census_code
IN-JH-gumla,Gumla,Jharkhand,level-2,20,21,true,census_code
IN-MP-guna,Guna,Madhya Pradesh,level-2,23,41,true,census_code
IN-AP-guntur,Guntur,Andhra Pradesh,level-2,28,7,true,exact_state_district
IN-PB-gurdaspur,Gurdaspur,Punjab,level-2,3,1,true,census_code
IN-HR-gurgaon,Gurgaon,Haryana,level-2,6,18,true,census_code
IN-MP-gwalior,Gwalior,Madhya Pradesh,level-2,23,4,true,census_code
IN-AS-hailakandi,Hailakandi,Assam,level-2,18,19,true,census_code
IN-HP-hamirpur,Hamirpur,Himachal Pradesh,level-2,2,6,true,census_code
IN-UP-hamirpur,Hamirpur,Uttar Pradesh,level-2,9,37,true,census_code
IN-RJ-hanumangarh,Hanumangarh,Rajasthan,level-2,8,2,true,census_code
IN-WB-haora,Haora,West Bengal,level-2,19,15,true,census_code
IN-MP-harda,Harda,Madhya Pradesh,level-2,23,31,true,census_code
IN-UP-hardoi,Hardoi,Uttar Pradesh,level-2,9,24,true,census_code
IN-UT-hardwar,Hardwar,Uttarakhand,level-2,5,13,true,census_code
IN-KA-hassan,Hassan,Karnataka,level-2,29,20,true,census_code
IN-UP-mahamaya-nagar,Mahamaya Nagar,Uttar Pradesh,level-2,9,13,true,census_code
IN-KA-haveri,Haveri,Karnataka,level-2,29,10,true,census_code
IN-JH-hazaribagh,Hazaribagh,Jharkhand,level-2,20,15,true,census_code
IN-MH-hingoli,Hingoli,Maharashtra,level-2,27,16,true,census_code
IN-HR-hisar,Hisar,Haryana,level-2,6,12,true,census_code
IN-MP-hoshangabad,Hoshangabad,Madhya Pradesh,level-2,23,32,true,census_code
IN-PB-hoshiarpur,Hoshiarpur,Punjab,level-2,3,4,true,census_code
IN-WB-hugli,Hugli,West Bengal,level-2,19,12,true,census_code
IN-AP-hyderabad,Hyderabad,Andhra Pradesh,level-2,28,5,true,census_code
IN-KL-idukki,Idukki,Kerala,level-2,32,9,true,census_code
IN-MN-imphal-east,Imphal East,Manipur,level-2,14,7,true,census_code
IN-MN-imphal-west,Imphal West,Manipur,level-2,14,6,true,census_code
IN-MP-indore,Indore,Madhya Pradesh,level-2,23,22,true,census_code
IN-MP-jabalpur,Jabalpur,Madhya Pradesh,level-2,23,34,true,census_code
IN-OR-jagatsinghapur,Jagatsinghapur,Odisha,level-2,21,11,true,census_code
IN-ML-jaintia-hills,Jaintia Hills,Meghalaya,level-2,17,7,true,census_code
IN-RJ-jaipur,Jaipur,Rajasthan,level-2,8,12,true,census_code
IN-RJ-jaisalmer,Jaisalmer,Rajasthan,level-2,8,16,true,census_code
IN-OR-jajapur,Jajapur,Odisha,level-2,21,13,true,census_code
IN-PB-jalandhar,Jalandhar,Punjab,level-2,3,3,true,census_code
IN-UP-jalaun,Jalaun,Uttar Pradesh,level-2,9,34,true,census_code
IN-MH-jalgaon,Jalgaon,Maharashtra,level-2,27,3,true,census_code
IN-MH-jalna,Jalna,Maharashtra,level-2,27,18,true,census_code
IN-RJ-jalor,Jalor,Rajasthan,level-2,8,18,true,census_code
IN-WB-jalpaiguri,Jalpaiguri,West Bengal,level-2,19,2,true,census_code
IN-JK-jammu,Jammu,Jammu & Kashmir,level-2,1,21,true,census_code
IN-GJ-jamnagar,Jamnagar,Gujarat,level-2,24,10,true,census_code
IN-JH-jamtara,Jamtara,Jharkhand,level-2,20,18,true,census_code
IN-BR-jamui,Jamui,Bihar,level-2,10,36,true,census_code
IN-CT-janjgir-champa,Janjgir-champa,Chhattisgarh,level-2,22,6,true,census_code
IN-CT-jashpur,Jashpur,Chhattisgarh,level-2,22,3,true,census_code
IN-UP-jaunpur,Jaunpur,Uttar Pradesh,level-2,9,63,true,census_code
IN-MP-jhabua,Jhabua,Madhya Pradesh,level-2,23,47,true,census_code
IN-HR-jhajjar,Jhajjar,Haryana,level-2,6,15,true,census_code
IN-RJ-jhalawar,Jhalawar,Rajasthan,level-2,8,31,true,census_code
IN-UP-jhansi,Jhansi,Uttar Pradesh,level-2,9,35,true,census_code
IN-OR-jharsuguda,Jharsuguda,Odisha,level-2,21,2,true,census_code
IN-RJ-jhunjhunun,Jhunjhunun,Rajasthan,level-2,8,5,true,census_code
IN-RJ-jodhpur,Jodhpur,Rajasthan,level-2,8,15,true,census_code
IN-AS-jorhat,Jorhat,Assam,level-2,18,13,true,census_code
IN-GJ-junagadh,Junagadh,Gujarat,level-2,24,12,true,census_code
IN-UP-jyotiba-phule-nagar,Jyotiba Phule Nagar,Uttar Pradesh,level-2,9,6,true,census_code
IN-GJ-kachchh,Kachchh,Gujarat,level-2,24,1,true,census_code
IN-BR-kaimur-bhabua,Kaimur (bhabua),Bihar,level-2,10,31,true,census_code
IN-HR-kaithal,Kaithal,Haryana,level-2,6,5,true,census_code
IN-OR-kalahandi,Kalahandi,Odisha,level-2,21,26,true,census_code
IN-AS-kamrup,Kamrup,Assam,level-2,18,22,true,census_code
IN-AS-kamrup-metropolitan,Kamrup Metropolitan,Assam,level-2,18,23,true,census_code
IN-TN-kancheepuram,Kancheepuram,Tamil Nadu,level-2,33,3,true,census_code
IN-OR-kandhamal,Kandhamal,Odisha,level-2,21,21,true,census_code
IN-HP-kangra,Kangra,Himachal Pradesh,level-2,2,2,true,census_code
IN-CT-uttar-bastar-kanker,Uttar Bastar Kanker,Chhattisgarh,level-2,22,14,true,census_code
IN-UP-kannauj,Kannauj,Uttar Pradesh,level-2,9,29,true,census_code
IN-TN-kanniyakumari,Kanniyakumari,Tamil Nadu,level-2,33,28,true,census_code
IN-KL-kannur,Kannur,Kerala,level-2,32,2,true,census_code
IN-UP-kanpur-dehat,Kanpur Dehat,Uttar Pradesh,level-2,9,32,true,census_code
IN-UP-kanpur-nagar,Kanpur Nagar,Uttar Pradesh,level-2,9,33,true,census_code
IN-UP-kansiram-nagar,Kansiram Nagar,Uttar Pradesh,level-2,9,71,true,census_code
IN-PB-kapurthala,Kapurthala,Punjab,level-2,3,2,true,census_code
IN-AS-karbi-anglong,Karbi Anglong,Assam,level-2,18,15,true,census_code
IN-JK-kargil,Kargil,Jammu & Kashmir,level-2,1,4,true,census_code
IN-AS-karimganj,Karimganj,Assam,level-2,18,18,true,census_code
IN-AP-karimnagar,Karimnagar,Andhra Pradesh,level-2,28,3,true,census_code
IN-HR-karnal,Karnal,Haryana,level-2,6,6,true,census_code
IN-TN-karur,Karur,Tamil Nadu,level-2,33,12,true,census_code
IN-KL-kasaragod,Kasaragod,Kerala,level-2,32,1,true,census_code
IN-JK-kathua,Kathua,Jammu & Kashmir,level-2,1,7,true,census_code
IN-BR-katihar,Katihar,Bihar,level-2,10,10,true,census_code
IN-MP-katni,Katni,Madhya Pradesh,level-2,23,33,true,census_code
IN-UP-kaushambi,Kaushambi,Uttar Pradesh,level-2,9,43,true,census_code
IN-OR-kendrapara,Kendrapara,Odisha,level-2,21,10,true,census_code
IN-OR-kendujhar,Kendujhar,Odisha,level-2,21,6,true,census_code
IN-BR-khagaria,Khagaria,Bihar,level-2,10,21,true,census_code
IN-AP-khammam,Khammam,Andhra Pradesh,level-2,28,10,true,census_code
IN-GJ-kheda,Kheda,Gujarat,level-2,24,16,true,census_code
IN-UP-kheri,Kheri,Uttar Pradesh,level-2,9,22,true,census_code
IN-OR-khordha,Khordha,Odisha,level-2,21,17,true,census_code
IN-JH-khunti,Khunti,Jharkhand,level-2,20,20,true,census_code
IN-HP-kinnaur,Kinnaur,Himachal Pradesh,level-2,2,12,true,census_code
IN-NL-kiphire,Kiphire,Nagaland,level-2,13,9,true,census_code
IN-BR-kishanganj,Kishanganj,Bihar,level-2,10,8,true,census_code
IN-JK-kishtwar,Kishtwar,Jammu & Kashmir,level-2,1,18,true,census_code
IN-WB-koch-bihar,Koch Bihar,West Bengal,level-2,19,3,true,census_code
IN-KA-kodagu,Kodagu,Karnataka,level-2,29,22,true,census_code
IN-JH-kodarma,Kodarma,Jharkhand,level-2,20,3,true,census_code
IN-NL-kohima,Kohima,Nagaland,level-2,13,10,true,census_code
IN-AS-kokrajhar,Kokrajhar,Assam,level-2,18,1,true,census_code
IN-KA-kolar,Kolar,Karnataka,level-2,29,27,true,census_code
IN-MZ-kolasib,Kolasib,Mizoram,level-2,15,2,true,census_code
IN-MH-kolhapur,Kolhapur,Maharashtra,level-2,27,34,true,census_code
IN-WB-kolkata,Kolkata,West Bengal,level-2,19,16,true,census_code
IN-KL-kollam,Kollam,Kerala,level-2,32,13,true,census_code
IN-KA-koppal,Koppal,Karnataka,level-2,29,6,true,census_code
IN-OR-koraput,Koraput,Odisha,level-2,21,29,true,census_code
IN-CT-korba,Korba,Chhattisgarh,level-2,22,5,true,census_code
IN-CT-koriya,Koriya,Chhattisgarh,level-2,22,1,true,census_code
IN-RJ-kota,Kota,Rajasthan,level-2,8,29,true,census_code
IN-KL-kottayam,Kottayam,Kerala,level-2,32,10,true,census_code
IN-KL-kozhikode,Kozhikode,Kerala,level-2,32,4,true,census_code
IN-AP-krishna,Krishna,Andhra Pradesh,level-2,28,6,true,exact_state_district
IN-TN-krishnagiri,Krishnagiri,Tamil Nadu,level-2,33,30,true,census_code
IN-JK-kulgam,Kulgam,Jammu & Kashmir,level-2,1,15,true,census_code
IN-HP-kullu,Kullu,Himachal Pradesh,level-2,2,4,true,census_code
IN-JK-kupwara,Kupwara,Jammu & Kashmir,level-2,1,1,true,census_code
IN-AP-kurnool,Kurnool,Andhra Pradesh,level-2,28,11,true,exact_state_district
IN-HR-kurukshetra,Kurukshetra,Haryana,level-2,6,4,true,census_code
IN-AR-kurung-kumey,Kurung Kumey,Arunanchal Pradesh,level-2,12,12,true,census_code
IN-UP-kushinagar,Kushinagar,Uttar Pradesh,level-2,9,58,true,census_code
IN-HP-lahul-spiti,Lahul & Spiti,Himachal Pradesh,level-2,2,3,true,census_code
IN-AS-lakhimpur,Lakhimpur,Assam,level-2,18,8,true,census_code
IN-BR-lakhisarai,Lakhisarai,Bihar,level-2,10,25,true,census_code
IN-UP-lalitpur,Lalitpur,Uttar Pradesh,level-2,9,36,true,census_code
IN-JH-latehar,Latehar,Jharkhand,level-2,20,14,true,census_code
IN-MH-latur,Latur,Maharashtra,level-2,27,28,true,census_code
IN-MZ-lawangtlai,Lawangtlai,Mizoram,level-2,15,7,true,census_code
IN-JK-leh-ladakh,Leh (ladakh),Jammu & Kashmir,level-2,1,3,true,census_code
IN-JH-lohardaga,Lohardaga,Jharkhand,level-2,20,11,true,census_code
IN-AR-lohit,Lohit,Arunanchal Pradesh,level-2,12,15,true,census_code
IN-NL-longleng,Longleng,Nagaland,level-2,13,8,true,census_code
IN-AR-lower-dibang-valley,Lower Dibang Valley,Arunanchal Pradesh,level-2,12,14,true,census_code
IN-AR-lower-subansiri,Lower Subansiri,Arunanchal Pradesh,level-2,12,11,true,census_code
IN-UP-lucknow,Lucknow,Uttar Pradesh,level-2,9,26,true,census_code
IN-PB-ludhiana,Ludhiana,Punjab,level-2,3,7,true,census_code
IN-MZ-lunglei,Lunglei,Mizoram,level-2,15,6,true,census_code
IN-BR-madhepura,Madhepura,Bihar,level-2,10,11,true,census_code
IN-BR-madhubani,Madhubani,Bihar,level-2,10,5,true,census_code
IN-TN-madurai,Madurai,Tamil Nadu,level-2,33,22,true,census_code
IN-UP-maharajganj,Maharajganj,Uttar Pradesh,level-2,9,56,true,census_code
IN-CT-mahasamund,Mahasamund,Chhattisgarh,level-2,22,12,true,census_code
IN-AP-mahbubnagar,Mahbubnagar,Andhra Pradesh,level-2,28,7,true,census_code
IN-PY-mahe,Mahe,Puducherry,level-2,34,3,true,census_code
IN-HR-mahendragarh,Mahendragarh,Haryana,level-2,6,16,true,census_code
IN-GJ-mahesana,Mahesana,Gujarat,level-2,24,4,true,census_code
IN-UP-mahoba,Mahoba,Uttar Pradesh,level-2,9,38,true,census_code
IN-UP-mainpuri,Mainpuri,Uttar Pradesh,level-2,9,17,true,census_code
IN-KL-malappuram,Malappuram,Kerala,level-2,32,5,true,census_code
IN-WB-maldah,Maldah,West Bengal,level-2,19,6,true,census_code
IN-OR-malkangiri,Malkangiri,Odisha,level-2,21,30,true,census_code
IN-MZ-mamit,Mamit,Mizoram,level-2,15,1,true,census_code
IN-HP-mandi,Mandi,Himachal Pradesh,level-2,2,5,true,census_code
IN-MP-mandla,Mandla,Madhya Pradesh,level-2,23,37,true,census_code
IN-MP-mandsaur,Mandsaur,Madhya Pradesh,level-2,23,16,true,census_code
IN-KA-mandya,Mandya,Karnataka,level-2,29,19,true,census_code
IN-PB-mansa,Mansa,Punjab,level-2,3,13,true,census_code
IN-AS-marigaon,Marigaon,Assam,level-2,18,5,true,census_code
IN-UP-mathura,Mathura,Uttar Pradesh,level-2,9,14,true,census_code
IN-UP-mau,Mau,Uttar Pradesh,level-2,9,61,true,census_code
IN-OR-mayurbhanj,Mayurbhanj,Odisha,level-2,21,7,true,census_code
IN-AP-medak,Medak,Andhra Pradesh,level-2,28,4,true,census_code
IN-UP-meerut,Meerut,Uttar Pradesh,level-2,9,7,true,census_code
IN-HR-mewat,Mewat,Haryana,level-2,6,19,true,census_code
IN-UP-mirzapur,Mirzapur,Uttar Pradesh,level-2,9,68,true,census_code
IN-PB-moga,Moga,Punjab,level-2,3,8,true,census_code
IN-NL-mokokchung,Mokokchung,Nagaland,level-2,13,2,true,census_code
IN-NL-mon,Mon,Nagaland,level-2,13,1,true,census_code
IN-UP-moradabad,Moradabad,Uttar Pradesh,level-2,9,4,true,census_code
IN-MP-morena,Morena,Madhya Pradesh,level-2,23,2,true,census_code
IN-PB-muktsar,Muktsar,Punjab,level-2,3,10,true,census_code
IN-MH-mumbai,Mumbai,Maharashtra,level-2,27,23,true,census_code
IN-MH-mumbai-suburban,Mumbai Suburban,Maharashtra,level-2,27,22,true,census_code
IN-BR-munger,Munger,Bihar,level-2,10,24,true,census_code
IN-WB-murshidabad,Murshidabad,West Bengal,level-2,19,7,true,census_code
IN-UP-muzaffarnagar,Muzaffarnagar,Uttar Pradesh,level-2,9,2,true,census_code
IN-BR-muzaffarpur,Muzaffarpur,Bihar,level-2,10,14,true,census_code
IN-KA-mysore,Mysore,Karnataka,level-2,29,23,true,census_code
IN-OR-nabarangapur,Nabarangapur,Odisha,level-2,21,28,true,census_code
IN-WB-nadia,Nadia,West Bengal,level-2,19,10,true,census_code
IN-AS-nagaon,Nagaon,Assam,level-2,18,6,true,census_code
IN-RJ-nagaur,Nagaur,Rajasthan,level-2,8,14,true,census_code
IN-MH-nagpur,Nagpur,Maharashtra,level-2,27,9,true,census_code
IN-UT-nainital,Nainital,Uttarakhand,level-2,5,11,true,census_code
IN-BR-nalanda,Nalanda,Bihar,level-2,10,27,true,census_code
IN-AS-nalbari,Nalbari,Assam,level-2,18,24,true,census_code
IN-AP-nalgonda,Nalgonda,Andhra Pradesh,level-2,28,8,true,census_code
IN-TN-namakkal,Namakkal,Tamil Nadu,level-2,33,8,true,census_code
IN-MH-nanded,Nanded,Maharashtra,level-2,27,15,true,census_code
IN-MH-nandurbar,Nandurbar,Maharashtra,level-2,27,1,true,census_code
IN-CT-narayanpur,Narayanpur,Chhattisgarh,level-2,22,16,true,census_code
IN-GJ-narmada,Narmada,Gujarat,level-2,24,20,true,census_code
IN-MP-narsimhapur,Narsimhapur,Madhya Pradesh,level-2,23,35,true,census_code
IN-MH-nashik,Nashik,Maharashtra,level-2,27,20,true,census_code
IN-GJ-navsari,Navsari,Gujarat,level-2,24,23,true,census_code
IN-BR-nawada,Nawada,Bihar,level-2,10,35,true,census_code
IN-OR-nayagarh,Nayagarh,Odisha,level-2,21,16,true,census_code
IN-MP-neemuch,Neemuch,Madhya Pradesh,level-2,23,15,true,census_code
IN-AP-sri-potti-sriramulu-nellore,Sri Potti Sriramulu Nellore,Andhra Pradesh,level-2,28,9,true,exact_state_district
IN-DL-new-delhi,New Delhi,NCT of Delhi,level-2,7,5,true,census_code
IN-AP-nizamabad,Nizamabad,Andhra Pradesh,level-2,28,2,true,census_code
IN-DL-north,North,NCT of Delhi,level-2,7,2,true,census_code
IN-SK-north,North,Sikkim,level-2,11,1,true,census_code
IN-WB-north-24-parganas,North 24 Parganas,West Bengal,level-2,19,11,true,census_code
IN-AS-dima-hasao,Dima Hasao,Assam,level-2,18,16,true,census_code
IN-DL-north-east,North East,NCT of Delhi,level-2,7,3,true,census_code
IN-GA-north-goa,North Goa,Goa,level-2,30,1,true,census_code
IN-TR-north-tripura,North Tripura,Tripura,level-2,16,4,true,census_code
IN-DL-north-west,North West,NCT of Delhi,level-2,7,1,true,census_code
IN-OR-nuapada,Nuapada,Odisha,level-2,21,25,true,census_code
IN-MH-osmanabad,Osmanabad,Maharashtra,level-2,27,29,true,census_code
IN-JH-pakur,Pakur,Jharkhand,level-2,20,8,true,census_code
IN-KL-palakkad,Palakkad,Kerala,level-2,32,6,true,census_code
IN-JH-palamu,Palamu,Jharkhand,level-2,20,13,true,census_code
IN-RJ-pali,Pali,Rajasthan,level-2,8,20,true,census_code
IN-HR-palwal,Palwal,Haryana,level-2,6,21,true,census_code
IN-GJ-panch-mahals,Panch Mahals,Gujarat,level-2,24,17,true,census_code
IN-HR-panchkula,Panchkula,Haryana,level-2,6,1,true,census_code
IN-HR-panipat,Panipat,Haryana,level-2,6,7,true,census_code
IN-MP-panna,Panna,Madhya Pradesh,level-2,23,9,true,census_code
IN-AR-papum-pare,Papum Pare,Arunanchal Pradesh,level-2,12,4,true,census_code
IN-MH-parbhani,Parbhani,Maharashtra,level-2,27,17,true,census_code
IN-BR-pashchim-champaran,Pashchim Champaran,Bihar,level-2,10,1,true,census_code
IN-WB-pashchim-medinipur,Pashchim Medinipur,West Bengal,level-2,19,18,true,census_code
IN-JH-pashchimi-singhbhum,Pashchimi Singhbhum,Jharkhand,level-2,20,23,true,census_code
IN-GJ-patan,Patan,Gujarat,level-2,24,3,true,census_code
IN-KL-pathanamthitta,Pathanamthitta,Kerala,level-2,32,12,true,census_code
IN-PB-patiala,Patiala,Punjab,level-2,3,14,true,census_code
IN-BR-patna,Patna,Bihar,level-2,10,28,true,census_code
IN-TN-perambalur,Perambalur,Tamil Nadu,level-2,33,14,true,census_code
IN-NL-peren,Peren,Nagaland,level-2,13,11,true,census_code
IN-NL-phek,Phek,Nagaland,level-2,13,6,true,census_code
IN-UP-pilibhit,Pilibhit,Uttar Pradesh,level-2,9,20,true,census_code
IN-UT-pithoragarh,Pithoragarh,Uttarakhand,level-2,5,7,true,census_code
IN-GJ-porbandar,Porbandar,Gujarat,level-2,24,11,true,census_code
IN-AP-prakasam,Prakasam,Andhra Pradesh,level-2,28,8,true,exact_state_district
IN-RJ-pratapgarh,Pratapgarh,Rajasthan,level-2,8,33,true,census_code
IN-UP-pratapgarh,Pratapgarh,Uttar Pradesh,level-2,9,42,true,census_code
IN-TN-pudukkottai,Pudukkottai,Tamil Nadu,level-2,33,20,true,census_code
IN-JK-pulwama,Pulwama,Jammu & Kashmir,level-2,1,12,true,census_code
IN-JK-punch,Punch,Jammu & Kashmir,level-2,1,5,true,census_code
IN-MH-pune,Pune,Maharashtra,level-2,27,25,true,census_code
IN-BR-purba-champaran,Purba Champaran,Bihar,level-2,10,2,true,census_code
IN-WB-purba-medinipur,Purba Medinipur,West Bengal,level-2,19,19,true,census_code
IN-JH-purbi-singhbhum,Purbi Singhbhum,Jharkhand,level-2,20,12,true,census_code
IN-OR-puri,Puri,Odisha,level-2,21,18,true,census_code
IN-BR-purnia,Purnia,Bihar,level-2,10,9,true,census_code
IN-WB-puruliya,Puruliya,West Bengal,level-2,19,14,true,census_code
IN-UP-rae-bareli,Rae Bareli,Uttar Pradesh,level-2,9,27,true,census_code
IN-KA-raichur,Raichur,Karnataka,level-2,29,5,true,census_code
IN-CT-raigarh,Raigarh,Chhattisgarh,level-2,22,4,true,census_code
IN-MH-raigarh,Raigarh,Maharashtra,level-2,27,24,true,census_code
IN-CT-raipur,Raipur,Chhattisgarh,level-2,22,11,true,census_code
IN-MP-raisen,Raisen,Madhya Pradesh,level-2,23,29,true,census_code
IN-JK-rajouri,Rajouri,Jammu & Kashmir,level-2,1,6,true,census_code
IN-MP-rajgarh,Rajgarh,Madhya Pradesh,level-2,23,25,true,census_code
IN-GJ-rajkot,Rajkot,Gujarat,level-2,24,9,true,census_code
IN-CT-rajnandgaon,Rajnandgaon,Chhattisgarh,level-2,22,9,true,census_code
IN-RJ-rajsamand,Rajsamand,Rajasthan,level-2,8,25,true,census_code
IN-KA-ramanagara,Ramanagara,Karnataka,level-2,29,30,true,census_code
IN-TN-ramanathapuram,Ramanathapuram,Tamil Nadu,level-2,33,25,true,census_code
IN-JK-ramban,Ramban,Jammu & Kashmir,level-2,1,17,true,census_code
IN-JH-ramgarh,Ramgarh,Jharkhand,level-2,20,16,true,census_code
IN-UP-rampur,Rampur,Uttar Pradesh,level-2,9,5,true,census_code
IN-JH-ranchi,Ranchi,Jharkhand,level-2,20,19,true,census_code
IN-AP-rangareddy,Rangareddy,Andhra Pradesh,level-2,28,6,true,census_code
IN-MP-ratlam,Ratlam,Madhya Pradesh,level-2,23,17,true,census_code
IN-MH-ratnagiri,Ratnagiri,Maharashtra,level-2,27,32,true,census_code
IN-OR-rayagada,Rayagada,Odisha,level-2,21,27,true,census_code
IN-JK-reasi,Reasi,Jammu & Kashmir,level-2,1,20,true,census_code
IN-MP-rewa,Rewa,Madhya Pradesh,level-2,23,13,true,census_code
IN-HR-rewari,Rewari,Haryana,level-2,6,17,true,census_code
IN-ML-ri-bhoi,Ri Bhoi,Meghalaya,level-2,17,5,true,census_code
IN-HR-rohtak,Rohtak,Haryana,level-2,6,14,true,census_code
IN-BR-rohtas,Rohtas,Bihar,level-2,10,32,true,census_code
IN-UT-rudraprayag,Rudraprayag,Uttarakhand,level-2,5,3,true,census_code
IN-PB-rupnagar,Rupnagar,Punjab,level-2,3,17,true,census_code
IN-GJ-sabar-kantha,Sabar Kantha,Gujarat,level-2,24,5,true,census_code
IN-MP-sagar,Sagar,Madhya Pradesh,level-2,23,10,true,census_code
IN-UP-saharanpur,Saharanpur,Uttar Pradesh,level-2,9,1,true,census_code
IN-BR-saharsa,Saharsa,Bihar,level-2,10,12,true,census_code
IN-JH-sahibganj,Sahibganj,Jharkhand,level-2,20,7,true,census_code
IN-PB-sahibzada-ajit-singh-nagar,Sahibzada Ajit Singh Nagar,Punjab,level-2,3,18,true,census_code
IN-MZ-saiha,Saiha,Mizoram,level-2,15,8,true,census_code
IN-TN-salem,Salem,Tamil Nadu,level-2,33,7,true,census_code
IN-BR-samastipur,Samastipur,Bihar,level-2,10,19,true,census_code
IN-JK-samba,Samba,Jammu & Kashmir,level-2,1,22,true,census_code
IN-OR-sambalpur,Sambalpur,Odisha,level-2,21,3,true,census_code
IN-MH-sangli,Sangli,Maharashtra,level-2,27,35,true,census_code
IN-PB-sangrur,Sangrur,Punjab,level-2,3,19,true,census_code
IN-UP-sant-kabir-nagar,Sant Kabir Nagar,Uttar Pradesh,level-2,9,55,true,census_code
IN-UP-sant-ravi-das-nagar-bhadohi,Sant Ravi Das Nagar(bhadohi),Uttar Pradesh,level-2,9,67,true,census_code
IN-JH-saraikela-kharsawan,Saraikela-kharsawan,Jharkhand,level-2,,,false,unmatched
IN-BR-saran-chhapra,Saran (chhapra),Bihar,level-2,10,17,true,census_code
IN-MH-satara,Satara,Maharashtra,level-2,27,31,true,census_code
IN-MP-satna,Satna,Madhya Pradesh,level-2,23,12,true,census_code
IN-MP-sehore,Sehore,Madhya Pradesh,level-2,23,28,true,census_code
IN-MN-senapati,Senapati,Manipur,level-2,14,1,true,census_code
IN-MP-seoni,Seoni,Madhya Pradesh,level-2,23,39,true,census_code
IN-MZ-serchhip,Serchhip,Mizoram,level-2,15,5,true,census_code
IN-MP-shahdol,Shahdol,Madhya Pradesh,level-2,23,43,true,census_code
IN-PB-shahid-bhagat-singh-nagar,Shahid Bhagat Singh Nagar,Punjab,level-2,3,5,true,census_code
IN-UP-shahjahanpur,Shahjahanpur,Uttar Pradesh,level-2,9,21,true,census_code
IN-MP-shajapur,Shajapur,Madhya Pradesh,level-2,23,19,true,census_code
IN-BR-sheikhpura,Sheikhpura,Bihar,level-2,10,26,true,census_code
IN-BR-sheohar,Sheohar,Bihar,level-2,10,3,true,census_code
IN-MP-sheopur,Sheopur,Madhya Pradesh,level-2,23,1,true,census_code
IN-HP-shimla,Shimla,Himachal Pradesh,level-2,2,11,true,census_code
IN-KA-shimoga,Shimoga,Karnataka,level-2,29,14,true,census_code
IN-MP-shivpuri,Shivpuri,Madhya Pradesh,level-2,23,6,true,census_code
IN-UP-shrawasti,Shrawasti,Uttar Pradesh,level-2,9,50,true,census_code
IN-JK-shupiyan,Shupiyan,Jammu & Kashmir,level-2,1,13,true,census_code
IN-AS-sivasagar,Sivasagar,Assam,level-2,18,12,true,census_code
IN-UP-siddharth-nagar,Siddharth Nagar,Uttar Pradesh,level-2,9,53,true,census_code
IN-MP-sidhi,Sidhi,Madhya Pradesh,level-2,23,45,true,census_code
IN-RJ-sikar,Sikar,Rajasthan,level-2,8,13,true,census_code
IN-JH-simdega,Simdega,Jharkhand,level-2,20,22,true,census_code
IN-MH-sindhudurg,Sindhudurg,Maharashtra,level-2,27,33,true,census_code
IN-MP-singrauli,Singrauli,Madhya Pradesh,level-2,23,46,true,census_code
IN-HP-sirmaur,Sirmaur,Himachal Pradesh,level-2,2,10,true,census_code
IN-RJ-sirohi,Sirohi,Rajasthan,level-2,8,19,true,census_code
IN-HR-sirsa,Sirsa,Haryana,level-2,6,11,true,census_code
IN-BR-sitamarhi,Sitamarhi,Bihar,level-2,10,4,true,census_code
IN-UP-sitapur,Sitapur,Uttar Pradesh,level-2,9,23,true,census_code
IN-TN-sivaganga,Sivaganga,Tamil Nadu,level-2,33,21,true,census_code
IN-BR-siwan,Siwan,Bihar,level-2,10,16,true,census_code
IN-HP-solan,Solan,Himachal Pradesh,level-2,2,9,true,census_code
IN-MH-solapur,Solapur,Maharashtra,level-2,27,30,true,census_code
IN-OR-subarnapur,Subarnapur,Odisha,level-2,21,23,true,census_code
IN-UP-sonbhadra,Sonbhadra,Uttar Pradesh,level-2,9,69,true,census_code
IN-HR-sonipat,Sonipat,Haryana,level-2,6,8,true,census_code
IN-AS-sonitpur,Sonitpur,Assam,level-2,18,7,true,census_code
IN-DL-south,South,NCT of Delhi,level-2,7,9,true,census_code
IN-SK-south,South,Sikkim,level-2,11,3,true,census_code
IN-WB-south-24-parganas,South 24 Parganas,West Bengal,level-2,19,17,true,census_code
IN-ML-south-garo-hills,South Garo Hills,Meghalaya,level-2,17,3,true,census_code
IN-GA-south-goa,South Goa,Goa,level-2,30,2,true,census_code
IN-TR-south-tripura,South Tripura,Tripura,level-2,16,2,true,census_code
IN-DL-south-west,South West,NCT of Delhi,level-2,7,8,true,census_code
IN-AP-srikakulam,Srikakulam,Andhra Pradesh,level-2,28,11,true,census_code
IN-JK-srinagar,Srinagar,Jammu & Kashmir,level-2,1,10,true,census_code
IN-UP-sultanpur,Sultanpur,Uttar Pradesh,level-2,9,48,true,census_code
IN-OR-sundargarh,Sundargarh,Odisha,level-2,21,5,true,census_code
IN-BR-supaul,Supaul,Bihar,level-2,10,6,true,census_code
IN-GJ-surat,Surat,Gujarat,level-2,24,25,true,census_code
IN-GJ-surendranagar,Surendranagar,Gujarat,level-2,24,8,true,census_code
IN-CT-surguja,Surguja,Chhattisgarh,level-2,22,2,true,census_code
IN-MN-tamenglong,Tamenglong,Manipur,level-2,14,2,true,census_code
IN-PB-tarn-taran,Tarn Taran,Punjab,level-2,3,16,true,census_code
IN-AR-tawang,Tawang,Arunanchal Pradesh,level-2,12,1,true,census_code
IN-UT-tehri-garhwal,Tehri Garhwal,Uttarakhand,level-2,5,4,true,census_code
IN-MH-thane,Thane,Maharashtra,level-2,27,21,true,census_code
IN-TN-thanjavur,Thanjavur,Tamil Nadu,level-2,33,19,true,census_code
IN-GJ-the-dangs,The Dangs,Gujarat,level-2,24,22,true,census_code
IN-TN-the-nilgiris,The Nilgiris,Tamil Nadu,level-2,33,10,true,census_code
IN-TN-theni,Theni,Tamil Nadu,level-2,33,23,true,census_code
IN-TN-thiruvallur,Thiruvallur,Tamil Nadu,level-2,33,1,true,census_code
IN-KL-thiruvananthapuram,Thiruvananthapuram,Kerala,level-2,32,14,true,census_code
IN-TN-thiruvarur,Thiruvarur,Tamil Nadu,level-2,33,18,true,census_code
IN-TN-thoothukkudi,Thoothukkudi,Tamil Nadu,level-2,33,26,true,census_code
IN-MN-thoubal,Thoubal,Manipur,level-2,14,5,true,census_code
IN-KL-thrissur,Thrissur,Kerala,level-2,32,7,true,census_code
IN-MP-tikamgarh,Tikamgarh,Madhya Pradesh,level-2,23,7,true,census_code
IN-AS-tinsukia,Tinsukia,Assam,level-2,18,10,true,census_code
IN-AR-tirap,Tirap,Arunanchal Pradesh,level-2,12,10,true,census_code
IN-TN-tiruchirappalli,Tiruchirappalli,Tamil Nadu,level-2,33,13,true,census_code
IN-TN-tirunelveli,Tirunelveli,Tamil Nadu,level-2,33,27,true,census_code
IN-TN-tiruppur,Tiruppur,Tamil Nadu,level-2,33,32,true,census_code
IN-TN-tiruvannamalai,Tiruvannamalai,Tamil Nadu,level-2,33,5,true,census_code
IN-RJ-tonk,Tonk,Rajasthan,level-2,8,22,true,census_code
IN-NL-tuensang,Tuensang,Nagaland,level-2,13,7,true,census_code
IN-KA-tumkur,Tumkur,Karnataka,level-2,29,17,true,census_code
IN-RJ-udaipur,Udaipur,Rajasthan,level-2,8,32,true,census_code
IN-AS-udalguri,Udalguri,Assam,level-2,18,27,true,census_code
IN-JK-udhampur,Udhampur,Jammu & Kashmir,level-2,1,19,true,census_code
IN-UT-udham-singh-nagar,Udham Singh Nagar,Uttarakhand,level-2,5,12,true,census_code
IN-KA-udupi,Udupi,Karnataka,level-2,29,15,true,census_code
IN-MP-ujjain,Ujjain,Madhya Pradesh,level-2,23,18,true,census_code
IN-MN-ukhrul,Ukhrul,Manipur,level-2,14,8,true,census_code
IN-MP-umaria,Umaria,Madhya Pradesh,level-2,23,14,true,census_code
IN-HP-una,Una,Himachal Pradesh,level-2,2,7,true,census_code
IN-UP-unnao,Unnao,Uttar Pradesh,level-2,9,25,true,census_code
IN-AR-upper-siang,Upper Siang,Arunanchal Pradesh,level-2,12,8,true,census_code
IN-AR-upper-subansiri,Upper Subansiri,Arunanchal Pradesh,level-2,12,5,true,census_code
IN-WB-uttar-dinajpur,Uttar Dinajpur,West Bengal,level-2,19,4,true,census_code
IN-KA-uttara-kannada,Uttara Kannada,Karnataka,level-2,29,9,true,census_code
IN-UT-uttarkashi,Uttarkashi,Uttarakhand,level-2,5,1,true,census_code
IN-GJ-vadodara,Vadodara,Gujarat,level-2,24,19,true,census_code
IN-BR-vaishali,Vaishali,Bihar,level-2,10,18,true,census_code
IN-GJ-valsad,Valsad,Gujarat,level-2,24,24,true,census_code
IN-UP-varanasi,Varanasi,Uttar Pradesh,level-2,9,66,true,census_code
IN-TN-vellore,Vellore,Tamil Nadu,level-2,33,4,true,census_code
IN-MP-vidisha,Vidisha,Madhya Pradesh,level-2,23,26,true,census_code
IN-TN-viluppuram,Viluppuram,Tamil Nadu,level-2,33,6,true,census_code
IN-TN-virudunagar,Virudunagar,Tamil Nadu,level-2,33,23,true,fuzzy_within_state
IN-AP-visakhapatnam,Visakhapatnam,Andhra Pradesh,level-2,28,13,true,census_code
IN-AP-vizianagaram,Vizianagaram,Andhra Pradesh,level-2,28,12,true,census_code
IN-AP-warangal,Warangal,Andhra Pradesh,level-2,28,9,true,census_code
IN-MH-wardha,Wardha,Maharashtra,level-2,27,8,true,census_code
IN-MH-washim,Washim,Maharashtra,level-2,27,6,true,census_code
IN-KL-wayanad,Wayanad,Kerala,level-2,32,3,true,census_code
IN-DL-west,West,NCT of Delhi,level-2,7,7,true,census_code
IN-SK-west,West,Sikkim,level-2,11,2,true,census_code
IN-ML-west-garo-hills,West Garo Hills,Meghalaya,level-2,17,1,true,census_code
IN-AP-west-godavari,West Godavari,Andhra Pradesh,level-2,28,5,true,exact_state_district
IN-AR-west-kameng,West Kameng,Arunanchal Pradesh,level-2,12,2,true,census_code
IN-ML-west-khasi-hills,West Khasi Hills,Meghalaya,level-2,17,4,true,census_code
IN-MP-west-nimar,West Nimar,Madhya Pradesh,level-2,23,23,true,census_code
IN-AR-west-siang,West Siang,Arunanchal Pradesh,level-2,12,6,true,census_code
IN-TR-west-tripura,West Tripura,Tripura,level-2,16,1,true,census_code
IN-NL-wokha,Wokha,Nagaland,level-2,13,4,true,census_code
IN-KA-yadgir,Yadgir,Karnataka,level-2,29,26,true,census_code
IN-MH-yavatmal,Yavatmal,Maharashtra,level-2,27,14,true,census_code
IN-NL-zunheboto,Zunheboto,Nagaland,level-2,13,3,true,census_code
IN-CT-kabeerdham,Kabeerdham,Chhattisgarh,level-2,22,8,true,census_code
IN-HR-yamunanagar,Yamunanagar,Haryana,level-2,6,3,true,census_code
IN-HR-jind,Jind,Haryana,level-2,6,9,true,census_code
IN-RJ-dausa,Dausa,Rajasthan,level-2,8,11,true,census_code
IN-RJ-karauli,Karauli,Rajasthan,level-2,8,9,true,census_code
IN-RJ-sawai-madhopur,Sawai Madhopur,Rajasthan,level-2,8,10,true,census_code
IN-BR-arwal,Arwal,Bihar,level-2,10,38,true,census_code
IN-BR-jehanabad,Jehanabad,Bihar,level-2,10,37,true,census_code
IN-TN-nagappattinam,Nagappattinam,Tamil Nadu,level-2,33,17,true,census_code
IN-PY-karaikal,Karaikal,Puducherry,level-2,34,4,true,census_code
IN-PY-puducherry,Puducherry,Puducherry,level-2,34,2,true,census_code
IN-PY-yanam,Yanam,Puducherry,level-2,34,1,true,census_code
IN-GJ-tapi,Tapi,Gujarat,level-2,24,26,true,census_code
IN-AN-nicobar,Nicobar,Andaman & Nicobar Island,level-2,35,1,true,census_code
IN-AN-south-andaman,South Andaman,Andaman & Nicobar Island,level-2,35,3,true,census_code
IN-AN-north-middle-andaman,North & Middle Andaman,Andaman & Nicobar Island,level-2,35,2,true,census_code
IN-LD-lakshadweep,Lakshadweep,Lakshadweep,level-2,31,1,true,census_code
