admin_unit_code,pct_women_10yr_schooling,pct_households_with_electricity,capacity_raw,connectivity,source,year
IN-AP-adilabad,41.0,99.2,64.28,0.4697,NFHS-5,2021
IN-AP-anantapur,31.3,99.6,58.62,0.3644,NFHS-5,2021
IN-AP-chittoor,40.3,99.7,64.06,0.4656,NFHS-5,2021
IN-AP-east-godavari,43.2,98.8,65.44,0.4913,NFHS-5,2021
IN-AP-guntur,32.6,99.2,59.24,0.376,NFHS-5,2021
IN-AP-hyderabad,63.2,99.9,77.88,0.7226,NFHS-5,2021
IN-AP-karimnagar,50.8,99.7,70.36,0.5827,NFHS-5,2021
IN-AP-khammam,40.9,99.7,64.42,0.4723,NFHS-5,2021
IN-AP-krishna,46.2,99.6,67.56,0.5307,NFHS-5,2021
IN-AP-kurnool,33.4,99.9,60.0,0.3901,NFHS-5,2021
IN-AP-mahbubnagar,40.4,99.4,64.0,0.4645,NFHS-5,2021
IN-AP-medak,39.3,99.4,63.34,0.4522,NFHS-5,2021
IN-AP-nalgonda,40.9,99.9,64.5,0.4738,NFHS-5,2021
IN-AP-nizamabad,42.4,99.9,65.4,0.4905,NFHS-5,2021
IN-AP-prakasam,34.5,99.3,60.42,0.3979,NFHS-5,2021
IN-AP-rangareddi,51.4,99.7,70.72,0.5894,NFHS-5,2021
IN-AP-srikakulam,42.5,99.9,65.46,0.4916,NFHS-5,2021
IN-AP-vishakhapatnam,46.0,99.6,67.44,0.5284,NFHS-5,2021
IN-AP-vizianagaram,37.6,99.5,62.36,0.434,NFHS-5,2021
IN-AP-west-godavari,46.5,99.3,67.62,0.5318,NFHS-5,2021
IN-AR-changlang,30.5,95.2,56.38,0.3228,NFHS-5,2021
IN-AR-east-kameng,31.8,86.3,53.6,0.2711,NFHS-5,2021
IN-AR-east-siang,55.6,97.3,72.28,0.6184,NFHS-5,2021
IN-AR-kurung-kumey,34.7,99.2,60.5,0.3994,NFHS-5,2021
IN-AR-lohit,37.3,98.9,61.94,0.4262,NFHS-5,2021
IN-AR-lower-dibang-valley,51.9,84.4,64.9,0.4812,NFHS-5,2021
IN-AR-lower-subansiri,49.9,97.8,69.06,0.5586,NFHS-5,2021
IN-AR-papum-pare,50.5,98.7,69.78,0.572,NFHS-5,2021
IN-AR-tawang,39.2,99.7,63.4,0.4533,NFHS-5,2021
IN-AR-tirap,40.2,98.8,63.64,0.4578,NFHS-5,2021
IN-AR-upper-siang,34.8,99.5,60.68,0.4028,NFHS-5,2021
IN-AR-upper-subansiri,31.8,87.0,53.88,0.2763,NFHS-5,2021
IN-AR-west-kameng,43.6,97.5,65.16,0.4861,NFHS-5,2021
IN-AR-west-siang,46.3,88.2,63.06,0.447,NFHS-5,2021
IN-AS-barpeta,31.7,88.9,54.58,0.2893,NFHS-5,2021
IN-AS-bongaigaon,28.6,97.0,55.96,0.315,NFHS-5,2021
IN-AS-cachar,25.8,81.7,48.16,0.17,NFHS-5,2021
IN-AS-darrang,27.5,89.5,52.3,0.2469,NFHS-5,2021
IN-AS-dhemaji,43.6,95.0,64.16,0.4675,NFHS-5,2021
IN-AS-dhuburi,20.4,92.5,49.24,0.19,NFHS-5,2021
IN-AS-dibrugarh,33.7,94.4,57.98,0.3525,NFHS-5,2021
IN-AS-goalpara,23.4,89.6,49.88,0.2019,NFHS-5,2021
IN-AS-golaghat,27.9,96.4,55.3,0.3027,NFHS-5,2021
IN-AS-hailakandi,25.3,91.2,51.66,0.235,NFHS-5,2021
IN-AS-jorhat,42.9,95.1,63.78,0.4604,NFHS-5,2021
IN-AS-kamrup,39.2,94.8,61.44,0.4169,NFHS-5,2021
IN-AS-karbi-anglong,30.3,97.0,56.98,0.334,NFHS-5,2021
IN-AS-karimganj,19.6,87.1,46.6,0.1409,NFHS-5,2021
IN-AS-kokrajhar,27.5,93.9,54.06,0.2797,NFHS-5,2021
IN-AS-lakhimpur,42.1,97.2,64.14,0.4671,NFHS-5,2021
IN-AS-marigaon,24.5,89.5,50.5,0.2135,NFHS-5,2021
IN-AS-nagaon,22.1,94.5,51.06,0.2239,NFHS-5,2021
IN-AS-nalbari,41.6,94.7,62.84,0.4429,NFHS-5,2021
IN-AS-sonitpur,24.3,88.2,49.86,0.2016,NFHS-5,2021
IN-AS-tinsukia,25.6,95.7,53.64,0.2718,NFHS-5,2021
IN-BR-araria,16.8,96.2,48.56,0.1774,NFHS-5,2021
IN-BR-aurangabad,36.9,97.7,61.22,0.4128,NFHS-5,2021
IN-BR-banka,22.6,96.2,52.04,0.2421,NFHS-5,2021
IN-BR-begusarai,34.1,96.2,58.94,0.3704,NFHS-5,2021
IN-BR-bhagalpur,35.1,94.5,58.86,0.3689,NFHS-5,2021
IN-BR-bhojpur,34.6,97.9,59.92,0.3886,NFHS-5,2021
IN-BR-buxar,33.3,98.5,59.38,0.3786,NFHS-5,2021
IN-BR-darbhanga,22.7,97.2,52.5,0.2507,NFHS-5,2021
IN-BR-gaya,30.7,97.9,57.58,0.3451,NFHS-5,2021
IN-BR-gopalganj,32.9,96.2,58.22,0.357,NFHS-5,2021
IN-BR-jamui,20.6,97.9,51.52,0.2324,NFHS-5,2021
IN-BR-jehanabad,30.5,99.3,58.02,0.3533,NFHS-5,2021
IN-BR-katihar,19.8,92.0,48.68,0.1796,NFHS-5,2021
IN-BR-khagaria,26.6,94.5,53.76,0.2741,NFHS-5,2021
IN-BR-kishanganj,15.0,95.8,47.32,0.1543,NFHS-5,2021
IN-BR-lakhisarai,30.0,98.0,57.2,0.338,NFHS-5,2021
IN-BR-madhepura,23.2,97.0,52.72,0.2547,NFHS-5,2021
IN-BR-madhubani,26.5,98.6,55.34,0.3035,NFHS-5,2021
IN-BR-munger,44.4,98.4,66.0,0.5017,NFHS-5,2021
IN-BR-muzaffarpur,33.8,96.6,58.92,0.37,NFHS-5,2021
IN-BR-nalanda,28.8,98.9,56.84,0.3313,NFHS-5,2021
IN-BR-nawada,37.3,97.4,61.34,0.415,NFHS-5,2021
IN-BR-pashchim-champaran,21.6,93.5,50.36,0.2109,NFHS-5,2021
IN-BR-patna,43.6,99.0,65.76,0.4972,NFHS-5,2021
IN-BR-purba-champaran,20.1,94.8,49.98,0.2038,NFHS-5,2021
IN-BR-purnia,19.2,92.4,48.48,0.1759,NFHS-5,2021
IN-BR-rohtas,42.6,98.5,64.96,0.4823,NFHS-5,2021
IN-BR-saharsa,20.9,97.2,51.42,0.2306,NFHS-5,2021
IN-BR-samastipur,26.5,95.7,54.18,0.2819,NFHS-5,2021
IN-BR-saran,35.5,93.6,58.74,0.3667,NFHS-5,2021
IN-BR-sheikhpura,28.3,97.3,55.9,0.3139,NFHS-5,2021
IN-BR-sheohar,21.0,97.6,51.64,0.2347,NFHS-5,2021
IN-BR-sitamarhi,19.2,93.1,48.76,0.1811,NFHS-5,2021
IN-BR-siwan,38.9,95.3,61.46,0.4173,NFHS-5,2021
IN-BR-supaul,16.2,97.3,48.64,0.1789,NFHS-5,2021
IN-BR-vaishali,34.0,96.5,59.0,0.3715,NFHS-5,2021
IN-CH-chandigarh,59.6,99.9,75.72,0.6824,NFHS-5,2021
IN-CT-bastar,25.3,96.8,53.9,0.2767,NFHS-5,2021
IN-CT-bilaspur,37.4,98.6,61.88,0.4251,NFHS-5,2021
IN-CT-dantewada,24.2,95.9,52.88,0.2577,NFHS-5,2021
IN-CT-dhamtari,40.9,99.9,64.5,0.4738,NFHS-5,2021
IN-CT-durg,52.7,99.6,71.46,0.6032,NFHS-5,2021
IN-CT-janjgir-champa,37.3,99.5,62.18,0.4306,NFHS-5,2021
IN-CT-jashpur,34.9,98.2,60.22,0.3942,NFHS-5,2021
IN-CT-korba,37.1,97.9,61.42,0.4165,NFHS-5,2021
IN-CT-koriya,37.0,97.6,61.24,0.4132,NFHS-5,2021
IN-CT-mahasamund,31.2,98.4,58.08,0.3544,NFHS-5,2021
IN-CT-raigarh,38.3,99.0,62.58,0.4381,NFHS-5,2021
IN-CT-raipur,40.1,99.5,63.86,0.4619,NFHS-5,2021
IN-CT-raj-nandgaon,38.9,99.3,63.06,0.447,NFHS-5,2021
IN-CT-surguja,37.7,99.3,62.34,0.4336,NFHS-5,2021
IN-GA-north-goa,72.0,100.0,83.2,0.8215,NFHS-5,2021
IN-GA-south-goa,70.9,100.0,82.54,0.8092,NFHS-5,2021
IN-GJ-ahmadabad,42.7,99.5,65.42,0.4909,NFHS-5,2021
IN-GJ-amreli,27.2,99.6,56.16,0.3187,NFHS-5,2021
IN-GJ-anand,32.2,98.0,58.52,0.3626,NFHS-5,2021
IN-GJ-banas-kantha,17.6,91.1,47.0,0.1484,NFHS-5,2021
IN-GJ-bharuch,31.5,98.2,58.18,0.3563,NFHS-5,2021
IN-GJ-bhavnagar,26.3,96.9,54.54,0.2886,NFHS-5,2021
IN-GJ-dahod,23.1,89.3,49.58,0.1964,NFHS-5,2021
IN-GJ-gandhinagar,37.9,97.8,61.86,0.4247,NFHS-5,2021
IN-GJ-jamnagar,35.3,98.9,60.74,0.4039,NFHS-5,2021
IN-GJ-junagadh,35.0,99.3,60.72,0.4035,NFHS-5,2021
IN-GJ-kachchh,24.1,99.2,54.14,0.2811,NFHS-5,2021
IN-GJ-kheda,24.2,96.9,53.28,0.2652,NFHS-5,2021
IN-GJ-mahesana,32.6,97.7,58.64,0.3648,NFHS-5,2021
IN-GJ-narmada,22.6,92.7,50.64,0.2161,NFHS-5,2021
IN-GJ-navsari,47.7,98.7,68.1,0.5407,NFHS-5,2021
IN-GJ-panch-mahals,28.4,95.5,55.24,0.3016,NFHS-5,2021
IN-GJ-patan,22.6,98.3,52.88,0.2577,NFHS-5,2021
IN-GJ-porbandar,35.9,99.8,61.46,0.4173,NFHS-5,2021
IN-GJ-rajkot,42.6,99.6,65.4,0.4905,NFHS-5,2021
IN-GJ-sabar-kantha,31.1,95.3,56.78,0.3302,NFHS-5,2021
IN-GJ-surat,44.0,99.3,66.12,0.5039,NFHS-5,2021
IN-GJ-surendranagar,23.3,99.4,53.74,0.2737,NFHS-5,2021
IN-GJ-the-dangs,20.7,95.9,50.78,0.2187,NFHS-5,2021
IN-GJ-vadodara,46.4,97.3,66.76,0.5158,NFHS-5,2021
IN-GJ-valsad,45.6,98.6,66.8,0.5165,NFHS-5,2021
IN-HP-bilaspur,64.2,100.0,78.52,0.7345,NFHS-5,2021
IN-HP-chamba,50.9,99.1,70.18,0.5794,NFHS-5,2021
IN-HP-hamirpur,76.1,99.7,85.54,0.865,NFHS-5,2021
IN-HP-kangra,69.9,99.7,81.82,0.7958,NFHS-5,2021
IN-HP-kinnaur,56.1,99.6,73.5,0.6411,NFHS-5,2021
IN-HP-kullu,54.4,99.2,72.32,0.6192,NFHS-5,2021
IN-HP-lahul-and-spiti,55.9,99.8,73.46,0.6404,NFHS-5,2021
IN-HP-mandi,71.8,99.5,82.88,0.8155,NFHS-5,2021
IN-HP-shimla,69.7,100.0,81.82,0.7958,NFHS-5,2021
IN-HP-sirmaur,55.6,99.2,73.04,0.6326,NFHS-5,2021
IN-HP-solan,62.3,99.2,77.06,0.7073,NFHS-5,2021
IN-HP-una,66.8,98.5,79.48,0.7523,NFHS-5,2021
IN-HR-ambala,55.3,99.6,73.02,0.6322,NFHS-5,2021
IN-HR-bhiwani,47.0,100.0,68.2,0.5426,NFHS-5,2021
IN-HR-faridabad,55.6,100.0,73.36,0.6385,NFHS-5,2021
IN-HR-fatehabad,41.5,99.8,64.82,0.4797,NFHS-5,2021
IN-HR-gurgaon,59.6,99.4,75.52,0.6787,NFHS-5,2021
IN-HR-hisar,43.9,99.7,66.22,0.5058,NFHS-5,2021
IN-HR-jhajjar,62.7,99.8,77.54,0.7163,NFHS-5,2021
IN-HR-jind,45.3,100.0,67.18,0.5236,NFHS-5,2021
IN-HR-kaithal,45.9,100.0,67.54,0.5303,NFHS-5,2021
IN-HR-karnal,46.8,99.2,67.76,0.5344,NFHS-5,2021
IN-HR-kurukshetra,48.4,99.6,68.88,0.5552,NFHS-5,2021
IN-HR-mahendragarh,52.4,99.6,71.28,0.5999,NFHS-5,2021
IN-HR-panchkula,60.3,99.5,75.98,0.6872,NFHS-5,2021
IN-HR-panipat,52.1,99.6,71.1,0.5965,NFHS-5,2021
IN-HR-rewari,58.7,100.0,75.22,0.6731,NFHS-5,2021
IN-HR-rohtak,55.9,99.7,73.42,0.6396,NFHS-5,2021
IN-HR-sirsa,44.7,99.9,66.78,0.5162,NFHS-5,2021
IN-HR-yamuna-nagar,51.2,99.8,70.64,0.588,NFHS-5,2021
IN-JH-bokaro,45.0,97.3,65.92,0.5002,NFHS-5,2021
IN-JH-chatra,27.7,92.1,53.46,0.2685,NFHS-5,2021
IN-JH-deoghar,19.7,95.6,50.06,0.2053,NFHS-5,2021
IN-JH-dhanbad,37.9,98.5,62.14,0.4299,NFHS-5,2021
IN-JH-dumka,19.1,93.2,48.74,0.1807,NFHS-5,2021
IN-JH-garhwa,31.0,85.0,52.6,0.2525,NFHS-5,2021
IN-JH-giridih,25.0,96.5,53.6,0.2711,NFHS-5,2021
IN-JH-godda,19.6,93.5,49.16,0.1885,NFHS-5,2021
IN-JH-gumla,33.3,89.1,55.62,0.3087,NFHS-5,2021
IN-JH-hazaribag,40.1,98.2,63.34,0.4522,NFHS-5,2021
IN-JH-jamtara,21.4,92.2,49.72,0.199,NFHS-5,2021
IN-JH-latehar,26.5,89.0,51.5,0.2321,NFHS-5,2021
IN-JH-lohardaga,35.0,99.2,60.68,0.4028,NFHS-5,2021
IN-JH-pakur,13.6,91.7,44.84,0.1082,NFHS-5,2021
IN-JH-palamu,36.5,95.8,60.22,0.3942,NFHS-5,2021
IN-JH-pashchim-singhbhum,22.9,83.3,47.06,0.1495,NFHS-5,2021
IN-JH-purba-singhbhum,46.8,95.7,66.36,0.5084,NFHS-5,2021
IN-JH-ranchi,49.5,99.3,69.42,0.5653,NFHS-5,2021
IN-JH-sahibganj,36.0,93.5,59.0,0.3715,NFHS-5,2021
IN-JH-simdega,29.7,84.1,51.46,0.2313,NFHS-5,2021
IN-JK-doda,46.8,99.6,67.92,0.5374,NFHS-5,2021
IN-JK-jammu,70.8,100.0,82.48,0.8081,NFHS-5,2021
IN-JK-kargil,50.3,99.1,69.82,0.5727,NFHS-5,2021
IN-JK-kathua,64.9,99.7,78.82,0.7401,NFHS-5,2021
IN-JK-pulwama,49.4,99.1,69.28,0.5627,NFHS-5,2021
IN-JK-punch,46.8,99.7,67.96,0.5381,NFHS-5,2021
IN-JK-srinagar,60.5,100.0,76.3,0.6932,NFHS-5,2021
IN-JK-udhampur,43.7,99.9,66.18,0.505,NFHS-5,2021
IN-KA-bagalkot,37.7,98.9,62.18,0.4306,NFHS-5,2021
IN-KA-bangalore-rural,56.3,99.2,73.46,0.6404,NFHS-5,2021
IN-KA-belgaum,47.8,99.1,68.32,0.5448,NFHS-5,2021
IN-KA-bellary,39.9,98.9,63.5,0.4552,NFHS-5,2021
IN-KA-bidar,45.0,98.8,66.52,0.5113,NFHS-5,2021
IN-KA-bijapur,37.1,97.6,61.3,0.4143,NFHS-5,2021
IN-KA-chamrajnagar,41.7,98.7,64.5,0.4738,NFHS-5,2021
IN-KA-chikmagalur,48.3,99.3,68.7,0.5519,NFHS-5,2021
IN-KA-chitradurga,48.3,99.8,68.9,0.5556,NFHS-5,2021
IN-KA-dakshin-kannad,62.8,99.8,77.6,0.7174,NFHS-5,2021
IN-KA-davanagere,47.1,98.8,67.78,0.5348,NFHS-5,2021
IN-KA-dharwad,51.4,99.4,70.6,0.5872,NFHS-5,2021
IN-KA-gadag,45.1,98.6,66.5,0.511,NFHS-5,2021
IN-KA-gulbarga,42.0,99.4,64.96,0.4823,NFHS-5,2021
IN-KA-hassan,51.3,99.3,70.5,0.5853,NFHS-5,2021
IN-KA-haveri,40.0,99.1,63.64,0.4578,NFHS-5,2021
IN-KA-kodagu,58.9,98.7,74.82,0.6657,NFHS-5,2021
IN-KA-kolar,55.0,99.5,72.8,0.6281,NFHS-5,2021
IN-KA-koppal,34.4,99.2,60.32,0.3961,NFHS-5,2021
IN-KA-mandya,52.5,98.4,70.86,0.592,NFHS-5,2021
IN-KA-mysore,49.6,99.5,69.56,0.5679,NFHS-5,2021
IN-KA-raichur,31.7,99.7,58.9,0.3697,NFHS-5,2021
IN-KA-shimoga,49.1,99.5,69.26,0.5623,NFHS-5,2021
IN-KA-tumkur,58.9,99.6,75.18,0.6724,NFHS-5,2021
IN-KA-udupi,55.4,99.6,73.08,0.6333,NFHS-5,2021
IN-KA-uttar-kannand,49.2,99.1,69.16,0.5604,NFHS-5,2021
IN-KL-alappuzha,78.8,99.9,87.24,0.8966,NFHS-5,2021
IN-KL-ernakulam,83.8,100.0,90.28,0.9531,NFHS-5,2021
IN-KL-idukki,73.2,99.0,83.52,0.8274,NFHS-5,2021
IN-KL-kannur,74.1,99.7,84.34,0.8427,NFHS-5,2021
IN-KL-kasaragod,68.3,99.5,80.78,0.7765,NFHS-5,2021
IN-KL-kollam,80.6,99.8,88.28,0.916,NFHS-5,2021
IN-KL-kottayam,85.8,99.6,91.32,0.9725,NFHS-5,2021
IN-KL-kozhikode,84.3,99.6,90.42,0.9557,NFHS-5,2021
IN-KL-malappuram,69.5,99.7,81.58,0.7914,NFHS-5,2021
IN-KL-palakkad,63.2,98.9,77.48,0.7151,NFHS-5,2021
IN-KL-pattanamtitta,84.5,99.6,90.54,0.958,NFHS-5,2021
IN-KL-thiruvananthapuram,83.1,99.9,89.82,0.9446,NFHS-5,2021
IN-KL-thrissur,79.2,100.0,87.52,0.9018,NFHS-5,2021
IN-KL-wayanad,68.0,97.0,79.6,0.7546,NFHS-5,2021
IN-MH-ahmednagar,45.7,94.5,65.22,0.4872,NFHS-5,2021
IN-MH-akola,52.7,97.6,70.66,0.5883,NFHS-5,2021
IN-MH-amravati,55.0,99.1,72.64,0.6251,NFHS-5,2021
IN-MH-aurangabad,48.4,97.0,67.84,0.5359,NFHS-5,2021
IN-MH-bhandara,53.9,98.8,71.86,0.6106,NFHS-5,2021
IN-MH-bid,38.6,94.8,61.08,0.4102,NFHS-5,2021
IN-MH-buldana,41.8,97.1,63.92,0.463,NFHS-5,2021
IN-MH-chandrapur,57.5,98.9,74.06,0.6515,NFHS-5,2021
IN-MH-dhule,40.8,96.0,62.88,0.4437,NFHS-5,2021
IN-MH-gondiya,54.1,98.2,71.74,0.6084,NFHS-5,2021
IN-MH-hingoli,33.2,98.1,59.16,0.3745,NFHS-5,2021
IN-MH-jalgaon,40.8,96.8,63.2,0.4496,NFHS-5,2021
IN-MH-jalna,34.3,95.7,58.86,0.3689,NFHS-5,2021
IN-MH-kolhapur,53.8,98.8,71.8,0.6095,NFHS-5,2021
IN-MH-latur,40.7,97.2,63.3,0.4515,NFHS-5,2021
IN-MH-nagpur,67.6,99.5,80.36,0.7687,NFHS-5,2021
IN-MH-nanded,31.6,96.4,57.52,0.344,NFHS-5,2021
IN-MH-nandurbar,29.9,96.2,56.42,0.3235,NFHS-5,2021
IN-MH-nashik,42.6,95.3,63.68,0.4585,NFHS-5,2021
IN-MH-osmanabad,41.5,96.8,63.62,0.4574,NFHS-5,2021
IN-MH-parbhani,28.8,96.8,56.0,0.3157,NFHS-5,2021
IN-MH-pune,61.2,99.4,76.48,0.6965,NFHS-5,2021
IN-MH-raigarh,45.0,97.9,66.16,0.5046,NFHS-5,2021
IN-MH-ratnagiri,41.2,99.2,64.4,0.4719,NFHS-5,2021
IN-MH-sangli,54.6,98.2,72.04,0.614,NFHS-5,2021
IN-MH-satara,48.3,97.9,68.14,0.5415,NFHS-5,2021
IN-MH-sindhudurg,49.4,99.4,69.4,0.5649,NFHS-5,2021
IN-MH-solapur,36.0,97.1,60.44,0.3983,NFHS-5,2021
IN-MH-thane,55.9,99.3,73.26,0.6367,NFHS-5,2021
IN-MH-wardha,56.5,98.8,73.42,0.6396,NFHS-5,2021
IN-MH-washim,42.0,97.2,64.08,0.466,NFHS-5,2021
IN-MH-yavatmal,38.9,97.2,62.22,0.4314,NFHS-5,2021
IN-ML-east-garo-hills,40.5,97.4,63.26,0.4507,NFHS-5,2021
IN-ML-east-khasi-hills,43.5,96.6,64.74,0.4782,NFHS-5,2021
IN-ML-ri-bhoi,23.1,92.1,50.7,0.2172,NFHS-5,2021
IN-ML-south-garo-hills,38.4,98.6,62.48,0.4362,NFHS-5,2021
IN-ML-west-garo-hills,45.1,94.7,64.94,0.482,NFHS-5,2021
IN-ML-west-khasi-hills,16.4,85.0,43.84,0.0896,NFHS-5,2021
IN-MN-bishnupur,48.7,98.6,68.66,0.5511,NFHS-5,2021
IN-MN-chandel,43.3,99.9,65.94,0.5006,NFHS-5,2021
IN-MN-churachandpur,36.6,94.0,59.56,0.3819,NFHS-5,2021
IN-MN-senapati,39.6,98.8,63.28,0.4511,NFHS-5,2021
IN-MN-tamenglong,33.1,93.6,57.3,0.3399,NFHS-5,2021
IN-MN-thoubal,40.7,98.6,63.86,0.4619,NFHS-5,2021
IN-MN-ukhrul,49.7,95.0,67.82,0.5355,NFHS-5,2021
IN-MP-anuppur,28.6,97.0,55.96,0.315,NFHS-5,2021
IN-MP-ashoknagar,17.6,98.6,50.0,0.2042,NFHS-5,2021
IN-MP-balaghat,39.2,98.7,63.0,0.4459,NFHS-5,2021
IN-MP-barwani,19.3,99.3,51.3,0.2283,NFHS-5,2021
IN-MP-betul,38.7,98.1,62.46,0.4358,NFHS-5,2021
IN-MP-bhind,28.9,98.2,56.62,0.3273,NFHS-5,2021
IN-MP-bhopal,47.4,99.6,68.28,0.5441,NFHS-5,2021
IN-MP-burhanpur,26.3,98.3,55.1,0.299,NFHS-5,2021
IN-MP-chhatarpur,24.7,96.8,53.54,0.27,NFHS-5,2021
IN-MP-chhindwara,40.2,98.9,63.68,0.4585,NFHS-5,2021
IN-MP-damoh,24.8,97.3,53.8,0.2748,NFHS-5,2021
IN-MP-datia,27.8,99.8,56.6,0.3269,NFHS-5,2021
IN-MP-dewas,27.7,99.6,56.46,0.3243,NFHS-5,2021
IN-MP-dhar,23.8,97.6,53.32,0.2659,NFHS-5,2021
IN-MP-dindori,25.8,97.4,54.44,0.2867,NFHS-5,2021
IN-MP-guna,17.7,98.3,49.94,0.203,NFHS-5,2021
IN-MP-gwalior,37.9,99.5,62.54,0.4373,NFHS-5,2021
IN-MP-harda,30.8,98.8,58.0,0.3529,NFHS-5,2021
IN-MP-hoshangabad,35.5,97.2,60.18,0.3935,NFHS-5,2021
IN-MP-indore,47.7,100.0,68.62,0.5504,NFHS-5,2021
IN-MP-jabalpur,30.4,99.7,58.12,0.3552,NFHS-5,2021
IN-MP-jhabua,16.0,98.9,49.16,0.1885,NFHS-5,2021
IN-MP-katni,32.5,97.9,58.66,0.3652,NFHS-5,2021
IN-MP-mandla,30.5,96.8,57.02,0.3347,NFHS-5,2021
IN-MP-mandsaur,24.1,99.9,54.42,0.2864,NFHS-5,2021
IN-MP-morena,25.6,99.5,55.16,0.3001,NFHS-5,2021
IN-MP-neemuch,27.9,99.6,56.58,0.3265,NFHS-5,2021
IN-MP-panna,24.0,95.8,52.72,0.2547,NFHS-5,2021
IN-MP-raisen,34.6,99.3,60.48,0.399,NFHS-5,2021
IN-MP-rajgarh,21.3,97.8,51.9,0.2395,NFHS-5,2021
IN-MP-ratlam,23.8,99.0,53.88,0.2763,NFHS-5,2021
IN-MP-rewa,23.1,96.5,52.46,0.2499,NFHS-5,2021
IN-MP-sagar,32.9,98.6,59.18,0.3749,NFHS-5,2021
IN-MP-satna,31.5,97.8,58.02,0.3533,NFHS-5,2021
IN-MP-sehore,28.2,99.2,56.6,0.3269,NFHS-5,2021
IN-MP-seoni,33.0,99.2,59.48,0.3804,NFHS-5,2021
IN-MP-shahdol,30.7,97.5,57.42,0.3421,NFHS-5,2021
IN-MP-shajapur,19.6,99.9,51.72,0.2361,NFHS-5,2021
IN-MP-sheopur,15.9,98.0,48.74,0.1807,NFHS-5,2021
IN-MP-shivpuri,21.2,97.2,51.6,0.2339,NFHS-5,2021
IN-MP-sidhi,27.1,96.4,54.82,0.2938,NFHS-5,2021
IN-MP-tikamgarh,25.8,99.7,55.36,0.3038,NFHS-5,2021
IN-MP-ujjain,29.0,99.3,57.12,0.3366,NFHS-5,2021
IN-MP-umaria,26.4,98.2,55.12,0.2994,NFHS-5,2021
IN-MP-vidisha,21.7,98.7,52.5,0.2507,NFHS-5,2021
IN-MZ-aizawl,60.7,99.7,76.3,0.6932,NFHS-5,2021
IN-MZ-champhai,47.8,100.0,68.68,0.5515,NFHS-5,2021
IN-MZ-kolasib,41.7,99.1,64.66,0.4768,NFHS-5,2021
IN-MZ-lawngtlai,32.2,89.0,54.92,0.2956,NFHS-5,2021
IN-MZ-lunglei,46.3,98.0,66.98,0.5199,NFHS-5,2021
IN-MZ-mamit,40.0,97.9,63.16,0.4489,NFHS-5,2021
IN-MZ-saiha,50.2,99.7,70.0,0.5761,NFHS-5,2021
IN-MZ-serchhip,43.1,99.3,65.58,0.4939,NFHS-5,2021
IN-NL-dimapur,52.5,99.8,71.42,0.6025,NFHS-5,2021
IN-NL-kohima,70.9,99.5,82.34,0.8055,NFHS-5,2021
IN-NL-mokokchung,55.8,97.7,72.56,0.6237,NFHS-5,2021
IN-NL-mon,24.3,96.4,53.14,0.2626,NFHS-5,2021
IN-NL-phek,39.4,99.4,63.4,0.4533,NFHS-5,2021
IN-NL-tuensang,27.0,96.6,54.84,0.2942,NFHS-5,2021
IN-NL-wokha,45.3,99.7,67.06,0.5214,NFHS-5,2021
IN-NL-zunheboto,40.2,99.4,63.88,0.4623,NFHS-5,2021
IN-OR-angul,33.7,96.7,58.9,0.3697,NFHS-5,2021
IN-OR-baleshwar,38.3,97.1,61.82,0.4239,NFHS-5,2021
IN-OR-baragarh,37.4,98.4,61.8,0.4236,NFHS-5,2021
IN-OR-bhadrak,37.0,97.8,61.32,0.4147,NFHS-5,2021
IN-OR-bolangir,31.4,97.8,57.96,0.3522,NFHS-5,2021
IN-OR-cuttack,40.9,98.2,63.82,0.4611,NFHS-5,2021
IN-OR-dhenkanal,33.3,96.3,58.5,0.3622,NFHS-5,2021
IN-OR-gajapati,22.5,94.1,51.14,0.2254,NFHS-5,2021
IN-OR-ganjam,32.6,99.3,59.28,0.3767,NFHS-5,2021
IN-OR-jagatsinghpur,46.6,98.2,67.24,0.5247,NFHS-5,2021
IN-OR-jajpur,38.0,97.0,61.6,0.4199,NFHS-5,2021
IN-OR-jharsuguda,40.9,98.1,63.78,0.4604,NFHS-5,2021
IN-OR-kalahandi,26.5,97.2,54.78,0.293,NFHS-5,2021
IN-OR-kandhamal,28.1,96.6,55.5,0.3064,NFHS-5,2021
IN-OR-kendrapara,42.5,99.5,65.3,0.4887,NFHS-5,2021
IN-OR-khordha,43.2,99.5,65.72,0.4965,NFHS-5,2021
IN-OR-koraput,17.6,96.2,49.04,0.1863,NFHS-5,2021
IN-OR-malkangiri,14.0,95.8,46.72,0.1432,NFHS-5,2021
IN-OR-mayurbhanj,25.1,90.3,51.18,0.2261,NFHS-5,2021
IN-OR-nabarangpur,15.5,97.4,48.26,0.1718,NFHS-5,2021
IN-OR-nayagarh,27.1,98.3,55.58,0.3079,NFHS-5,2021
IN-OR-nuapada,27.3,94.6,54.22,0.2826,NFHS-5,2021
IN-OR-puri,38.1,99.5,62.66,0.4396,NFHS-5,2021
IN-OR-rayagada,19.1,96.6,50.1,0.206,NFHS-5,2021
IN-OR-sambalpur,36.5,98.8,61.42,0.4165,NFHS-5,2021
IN-OR-sundargarh,35.6,97.1,60.2,0.3938,NFHS-5,2021
IN-PB-amritsar,56.7,99.9,73.98,0.6501,NFHS-5,2021
IN-PB-bathinda,41.1,100.0,64.66,0.4768,NFHS-5,2021
IN-PB-faridkot,46.5,99.0,67.5,0.5296,NFHS-5,2021
IN-PB-fatehgarh-sahib,62.3,99.6,77.22,0.7103,NFHS-5,2021
IN-PB-firozpur,47.5,99.6,68.34,0.5452,NFHS-5,2021
IN-PB-gurdaspur,64.6,99.1,78.4,0.7322,NFHS-5,2021
IN-PB-hoshiarpur,73.2,99.9,83.88,0.8341,NFHS-5,2021
IN-PB-jalandhar,64.4,99.6,78.48,0.7337,NFHS-5,2021
IN-PB-kapurthala,60.3,99.8,76.1,0.6895,NFHS-5,2021
IN-PB-ludhiana,61.6,99.7,76.84,0.7032,NFHS-5,2021
IN-PB-mansa,37.5,99.5,62.3,0.4329,NFHS-5,2021
IN-PB-moga,45.2,99.9,67.08,0.5218,NFHS-5,2021
IN-PB-muktsar,39.8,99.5,63.68,0.4585,NFHS-5,2021
IN-PB-patiala,56.0,99.7,73.48,0.6408,NFHS-5,2021
IN-PB-rupnagar,64.0,99.8,78.32,0.7308,NFHS-5,2021
IN-PB-sangrur,54.4,99.6,72.48,0.6222,NFHS-5,2021
IN-PY-karaikal,59.0,99.6,75.24,0.6735,NFHS-5,2021
IN-PY-mahe,88.2,99.7,92.8,1.0,NFHS-5,2021
IN-PY-puducherry,67.2,100.0,80.32,0.7679,NFHS-5,2021
IN-PY-yanam,51.6,99.8,70.88,0.5924,NFHS-5,2021
IN-RJ-ajmer,40.2,99.9,64.08,0.466,NFHS-5,2021
IN-RJ-alwar,35.1,97.8,60.18,0.3935,NFHS-5,2021
IN-RJ-banswara,28.5,93.1,54.34,0.2849,NFHS-5,2021
IN-RJ-baran,24.4,98.3,53.96,0.2778,NFHS-5,2021
IN-RJ-barmer,25.6,95.5,53.56,0.2704,NFHS-5,2021
IN-RJ-bharatpur,30.3,98.3,57.5,0.3436,NFHS-5,2021
IN-RJ-bhilwara,25.3,99.3,54.9,0.2953,NFHS-5,2021
IN-RJ-bikaner,30.2,96.1,56.56,0.3261,NFHS-5,2021
IN-RJ-bundi,27.4,98.4,55.8,0.312,NFHS-5,2021
IN-RJ-chittaurgarh,24.8,99.0,54.48,0.2875,NFHS-5,2021
IN-RJ-churu,33.4,96.6,58.68,0.3656,NFHS-5,2021
IN-RJ-dausa,34.6,99.0,60.36,0.3968,NFHS-5,2021
IN-RJ-dhaulpur,27.0,97.5,55.2,0.3009,NFHS-5,2021
IN-RJ-dungarpur,32.5,99.4,59.26,0.3763,NFHS-5,2021
IN-RJ-ganganagar,39.3,96.9,62.34,0.4336,NFHS-5,2021
IN-RJ-hanumangarh,38.4,99.0,62.64,0.4392,NFHS-5,2021
IN-RJ-jaipur,47.9,99.5,68.54,0.5489,NFHS-5,2021
IN-RJ-jaisalmer,18.7,97.3,50.14,0.2068,NFHS-5,2021
IN-RJ-jalor,22.2,98.4,52.68,0.254,NFHS-5,2021
IN-RJ-jhalawar,22.4,99.3,53.16,0.2629,NFHS-5,2021
IN-RJ-jhunjhunun,45.2,99.0,66.72,0.5151,NFHS-5,2021
IN-RJ-jodhpur,34.6,98.4,60.12,0.3923,NFHS-5,2021
IN-RJ-karauli,22.7,98.7,53.1,0.2618,NFHS-5,2021
IN-RJ-kota,44.0,99.4,66.16,0.5046,NFHS-5,2021
IN-RJ-nagaur,32.3,99.0,58.98,0.3711,NFHS-5,2021
IN-RJ-pali,36.6,99.7,61.84,0.4243,NFHS-5,2021
IN-RJ-rajsamand,33.9,98.9,59.9,0.3882,NFHS-5,2021
IN-RJ-sawai-madhopur,28.3,95.5,55.18,0.3005,NFHS-5,2021
IN-RJ-sikar,41.4,99.2,64.52,0.4742,NFHS-5,2021
IN-RJ-sirohi,25.7,93.9,52.98,0.2596,NFHS-5,2021
IN-RJ-tonk,27.3,97.8,55.5,0.3064,NFHS-5,2021
IN-RJ-udaipur,30.1,98.1,57.3,0.3399,NFHS-5,2021
IN-TN-ariyalur,50.7,98.2,69.7,0.5705,NFHS-5,2021
IN-TN-chennai,76.7,99.9,85.98,0.8732,NFHS-5,2021
IN-TN-coimbatore,62.8,99.4,77.44,0.7144,NFHS-5,2021
IN-TN-cuddalore,50.1,99.2,69.74,0.5712,NFHS-5,2021
IN-TN-dharmapuri,54.4,99.4,72.4,0.6207,NFHS-5,2021
IN-TN-dindigul,50.1,98.8,69.58,0.5682,NFHS-5,2021
IN-TN-erode,57.8,99.6,74.52,0.6601,NFHS-5,2021
IN-TN-kancheepuram,56.8,99.4,73.84,0.6475,NFHS-5,2021
IN-TN-kanniyakumari,77.1,99.8,86.18,0.8769,NFHS-5,2021
IN-TN-karur,51.2,98.7,70.2,0.5798,NFHS-5,2021
IN-TN-madurai,58.6,98.9,74.72,0.6638,NFHS-5,2021
IN-TN-nagapattinam,53.7,99.0,71.82,0.6099,NFHS-5,2021
IN-TN-namakkal,55.7,99.2,73.1,0.6337,NFHS-5,2021
IN-TN-perambalur,49.0,99.1,69.04,0.5582,NFHS-5,2021
IN-TN-pudukkottai,52.2,98.9,70.88,0.5924,NFHS-5,2021
IN-TN-ramanathapuram,53.7,99.3,71.94,0.6121,NFHS-5,2021
IN-TN-salem,51.3,99.5,70.58,0.5868,NFHS-5,2021
IN-TN-sivaganga,59.9,99.4,75.7,0.682,NFHS-5,2021
IN-TN-thanjavur,54.3,98.8,72.1,0.6151,NFHS-5,2021
IN-TN-theni,56.9,99.4,73.9,0.6486,NFHS-5,2021
IN-TN-thiruvallur,57.2,99.8,74.24,0.6549,NFHS-5,2021
IN-TN-thiruvarur,57.5,98.6,73.94,0.6493,NFHS-5,2021
IN-TN-thoothukudi,59.5,100.0,75.7,0.682,NFHS-5,2021
IN-TN-tiruchchirappalli,57.1,99.0,73.86,0.6478,NFHS-5,2021
IN-TN-tiruvannamalai,50.2,99.0,69.72,0.5708,NFHS-5,2021
IN-TN-vellore,52.5,99.3,71.22,0.5987,NFHS-5,2021
IN-TN-villupuram,45.7,99.7,67.3,0.5258,NFHS-5,2021
IN-TN-virudhunagar,53.5,99.5,71.9,0.6114,NFHS-5,2021
IN-TR-dhalai,13.9,97.7,47.42,0.1562,NFHS-5,2021
IN-TR-north-tripura,23.7,96.2,52.7,0.2544,NFHS-5,2021
IN-TR-south-tripura,21.6,95.9,51.32,0.2287,NFHS-5,2021
IN-TR-west-tripura,30.9,99.8,58.46,0.3615,NFHS-5,2021
IN-UP-agra,36.1,99.1,61.3,0.4143,NFHS-5,2021
IN-UP-aligarh,37.5,95.3,60.62,0.4016,NFHS-5,2021
IN-UP-ambedkar-nagar,53.0,94.2,69.48,0.5664,NFHS-5,2021
IN-UP-auraiya,46.2,94.0,65.32,0.489,NFHS-5,2021
IN-UP-azamgarh,52.6,96.5,70.16,0.579,NFHS-5,2021
IN-UP-baghpat,44.0,98.5,65.8,0.498,NFHS-5,2021
IN-UP-bahraich,14.4,77.8,39.76,0.0138,NFHS-5,2021
IN-UP-ballia,50.1,89.1,65.7,0.4961,NFHS-5,2021
IN-UP-balrampur,16.8,78.4,41.44,0.045,NFHS-5,2021
IN-UP-banda,27.1,89.2,51.94,0.2402,NFHS-5,2021
IN-UP-bara-banki,29.5,74.8,47.62,0.1599,NFHS-5,2021
IN-UP-bareilly,22.1,92.5,50.26,0.209,NFHS-5,2021
IN-UP-basti,40.9,94.6,62.38,0.4344,NFHS-5,2021
IN-UP-bijnor,39.7,96.1,62.26,0.4321,NFHS-5,2021
IN-UP-bulandshahr,37.8,96.3,61.2,0.4124,NFHS-5,2021
IN-UP-chandauli,47.2,91.9,65.08,0.4846,NFHS-5,2021
IN-UP-chitrakoot,30.2,92.0,54.92,0.2956,NFHS-5,2021
IN-UP-deoria,50.4,95.3,68.36,0.5456,NFHS-5,2021
IN-UP-etah,38.8,88.0,58.48,0.3618,NFHS-5,2021
IN-UP-etawah,45.7,95.7,65.7,0.4961,NFHS-5,2021
IN-UP-faizabad,49.0,90.3,65.52,0.4927,NFHS-5,2021
IN-UP-farrukhabad,33.3,91.8,56.7,0.3287,NFHS-5,2021
IN-UP-fatehpur,37.3,76.8,53.1,0.2618,NFHS-5,2021
IN-UP-firozabad,42.4,96.3,63.96,0.4637,NFHS-5,2021
IN-UP-gautam-buddha-nagar,51.9,99.4,70.9,0.5928,NFHS-5,2021
IN-UP-ghaziabad,55.2,99.9,73.08,0.6333,NFHS-5,2021
IN-UP-ghazipur,51.4,91.8,67.56,0.5307,NFHS-5,2021
IN-UP-gonda,31.5,88.9,54.46,0.2871,NFHS-5,2021
IN-UP-gorakhpur,42.8,94.9,63.64,0.4578,NFHS-5,2021
IN-UP-hamirpur,37.6,94.6,60.4,0.3975,NFHS-5,2021
IN-UP-hardoi,26.5,71.0,44.3,0.0982,NFHS-5,2021
IN-UP-jalaun,38.9,96.9,62.1,0.4292,NFHS-5,2021
IN-UP-jaunpur,52.7,98.2,70.9,0.5928,NFHS-5,2021
IN-UP-jhansi,43.3,95.2,64.06,0.4656,NFHS-5,2021
IN-UP-jyotiba-phule-nagar,35.4,96.4,59.8,0.3864,NFHS-5,2021
IN-UP-kannauj,37.3,87.3,57.3,0.3399,NFHS-5,2021
IN-UP-kanpur-dehat,45.4,79.8,59.16,0.3745,NFHS-5,2021
IN-UP-kaushambi,31.9,78.7,50.62,0.2157,NFHS-5,2021
IN-UP-kushinagar,34.1,91.5,57.06,0.3354,NFHS-5,2021
IN-UP-lalitpur,23.8,94.1,51.92,0.2399,NFHS-5,2021
IN-UP-lucknow,51.9,96.8,69.86,0.5734,NFHS-5,2021
IN-UP-maharajganj,30.7,95.9,56.78,0.3302,NFHS-5,2021
IN-UP-mahoba,33.8,94.8,58.2,0.3566,NFHS-5,2021
IN-UP-mainpuri,45.8,95.2,65.56,0.4935,NFHS-5,2021
IN-UP-mathura,34.7,98.2,60.1,0.392,NFHS-5,2021
IN-UP-mau,53.1,94.2,69.54,0.5675,NFHS-5,2021
IN-UP-meerut,47.3,98.6,67.82,0.5355,NFHS-5,2021
IN-UP-mirzapur,43.8,92.7,63.36,0.4526,NFHS-5,2021
IN-UP-moradabad,42.6,96.0,63.96,0.4637,NFHS-5,2021
IN-UP-muzaffarnagar,41.8,97.8,64.2,0.4682,NFHS-5,2021
IN-UP-pilibhit,28.5,86.8,51.82,0.238,NFHS-5,2021
IN-UP-pratapgarh,49.7,92.5,66.82,0.5169,NFHS-5,2021
IN-UP-rae-bareli,36.1,88.9,57.22,0.3384,NFHS-5,2021
IN-UP-rampur,26.9,96.2,54.62,0.2901,NFHS-5,2021
IN-UP-saharanpur,38.2,98.3,62.24,0.4318,NFHS-5,2021
IN-UP-sant-kabir-nagar,34.8,94.0,58.48,0.3618,NFHS-5,2021
IN-UP-shahjahanpur,27.7,84.1,50.26,0.209,NFHS-5,2021
IN-UP-shravasti,15.9,73.7,39.02,0.0,NFHS-5,2021
IN-UP-siddharth-nagar,17.0,90.7,46.48,0.1387,NFHS-5,2021
IN-UP-sitapur,23.9,68.4,41.7,0.0498,NFHS-5,2021
IN-UP-sonbhadra,35.7,82.9,54.58,0.2893,NFHS-5,2021
IN-UP-sultanpur,46.6,94.3,65.68,0.4957,NFHS-5,2021
IN-UP-unnao,37.0,75.4,52.36,0.248,NFHS-5,2021
IN-UP-varanasi,55.0,97.2,71.88,0.611,NFHS-5,2021
IN-UT-almora,48.0,99.9,68.76,0.553,NFHS-5,2021
IN-UT-bageshwar,52.2,99.8,71.24,0.5991,NFHS-5,2021
IN-UT-chamoli,59.0,99.5,75.2,0.6727,NFHS-5,2021
IN-UT-champawat,51.0,99.6,70.44,0.5842,NFHS-5,2021
IN-UT-dehra-dun,62.6,99.7,77.44,0.7144,NFHS-5,2021
IN-UT-haridwar,40.3,99.7,64.06,0.4656,NFHS-5,2021
IN-UT-naini-tal,55.2,99.1,72.76,0.6274,NFHS-5,2021
IN-UT-pauri-garhwal,56.2,99.4,73.48,0.6408,NFHS-5,2021
IN-UT-pithoragarh,55.5,99.6,73.14,0.6344,NFHS-5,2021
IN-UT-rudra-prayag,56.4,99.5,73.64,0.6437,NFHS-5,2021
IN-UT-tehri-garhwal,50.8,99.9,70.44,0.5842,NFHS-5,2021
IN-UT-udham-singh-nagar,41.1,99.6,64.5,0.4738,NFHS-5,2021
IN-UT-uttarkashi,53.6,99.6,72.0,0.6132,NFHS-5,2021
IN-WB-bankura,27.9,92.3,53.66,0.2722,NFHS-5,2021
IN-WB-birbhum,25.8,97.8,54.6,0.2897,NFHS-5,2021
IN-WB-dakshin-dinajpur,30.5,96.5,56.9,0.3325,NFHS-5,2021
IN-WB-haora,40.1,99.0,63.66,0.4582,NFHS-5,2021
IN-WB-hugli,37.0,98.4,61.56,0.4191,NFHS-5,2021
IN-WB-jalpaiguri,33.9,97.4,59.3,0.3771,NFHS-5,2021
IN-WB-kochbihar,26.7,98.2,55.3,0.3027,NFHS-5,2021
IN-WB-kolkata,55.4,99.6,73.08,0.6333,NFHS-5,2021
IN-WB-maldah,30.0,98.1,57.24,0.3388,NFHS-5,2021
IN-WB-murshidabad,24.2,96.7,53.2,0.2637,NFHS-5,2021
IN-WB-nadia,28.3,98.2,56.26,0.3206,NFHS-5,2021
IN-WB-puruliya,26.9,88.6,51.58,0.2335,NFHS-5,2021
IN-WB-uttar-dinajpur,29.3,96.9,56.34,0.3221,NFHS-5,2021
