admin_unit_code,population,source,match_method
IN-AN-nicobar,36842,Census 2011 via Wikidata (CC0),district_unique_nationally
IN-AN-south-andaman,238142,Census 2011 via Wikidata (CC0),district_unique_nationally
IN-AP-adilabad,2741239,Census 2011 via Wikidata (CC0),district_unique_nationally
IN-AP-chittoor,4174064,Census 2011 via Wikidata (CC0),exact_state_district
IN-AP-east-godavari,5154296,Census 2011 via Wikidata (CC0),exact_state_district
IN-AP-guntur,4887813,Census 2011 via Wikidata (CC0),exact_state_district
IN-AP-hyderabad,3943323,Census 2011 via Wikidata (CC0),district_unique_nationally
IN-AP-karimnagar,3776269,Census 2011 via Wikidata (CC0),district_unique_nationally
IN-AP-khammam,2797370,Census 2011 via Wikidata (CC0),district_unique_nationally
IN-AP-krishna,4517398,Census 2011 via Wikidata (CC0),exact_state_district
IN-AP-kurnool,4053463,Census 2011 via Wikidata (CC0),exact_state_district
IN-AP-medak,3033288,Census 2011 via Wikidata (CC0),district_unique_nationally
IN-AP-nalgonda,3488809,Census 2011 via Wikidata (CC0),district_unique_nationally
IN-AP-nizamabad,2551335,Census 2011 via Wikidata (CC0),district_unique_nationally
IN-AP-prakasam,3397448,Census 2011 via Wikidata (CC0),exact_state_district
IN-AP-rangareddy,5296741,Census 2011 via Wikidata (CC0),district_unique_nationally
IN-AP-sri-potti-sriramulu-nellore,2963557,Census 2011 via Wikidata (CC0),exact_state_district
IN-AP-srikakulam,2703114,Census 2011 via Wikidata (CC0),exact_state_district
IN-AP-visakhapatnam,4290589,Census 2011 via Wikidata (CC0),exact_state_district
IN-AP-vizianagaram,2344474,Census 2011 via Wikidata (CC0),exact_state_district
IN-AP-warangal,3512576,Census 2011 via Wikidata (CC0),district_unique_nationally
IN-AP-west-godavari,3936966,Census 2011 via Wikidata (CC0),exact_state_district
IN-AR-anjaw,21167,Census 2011 via Wikidata (CC0),district_unique_nationally
IN-AR-changlang,148226,Census 2011 via Wikidata (CC0),district_unique_nationally
IN-AR-east-kameng,78690,Census 2011 via Wikidata (CC0),district_unique_nationally
IN-AR-east-siang,99214,Census 2011 via Wikidata (CC0),district_unique_nationally
IN-AR-kurung-kumey,92076,Census 2011 via Wikidata (CC0),district_unique_nationally
IN-AR-lohit,145726,Census 2011 via Wikidata (CC0),district_unique_nationally
IN-AR-lower-dibang-valley,54080,Census 2011 via Wikidata (CC0),district_unique_nationally
IN-AR-lower-subansiri,83030,Census 2011 via Wikidata (CC0),district_unique_nationally
IN-AR-papum-pare,176573,Census 2011 via Wikidata (CC0),district_unique_nationally
IN-AR-tawang,49977,Census 2011 via Wikidata (CC0),district_unique_nationally
IN-AR-tirap,111975,Census 2011 via Wikidata (CC0),district_unique_nationally
IN-AR-upper-siang,35320,Census 2011 via Wikidata (CC0),district_unique_nationally
IN-AR-upper-subansiri,83448,Census 2011 via Wikidata (CC0),district_unique_nationally
IN-AR-west-kameng,83947,Census 2011 via Wikidata (CC0),district_unique_nationally
IN-AR-west-siang,112274,Census 2011 via Wikidata (CC0),district_unique_nationally
IN-AS-baksa,950075,Census 2011 via Wikidata (CC0),district_unique_nationally
IN-AS-barpeta,1693622,Census 2011 via Wikidata (CC0),district_unique_nationally
IN-AS-bongaigaon,738804,Census 2011 via Wikidata (CC0),district_unique_nationally
IN-AS-cachar,1736617,Census 2011 via Wikidata (CC0),district_unique_nationally
IN-AS-chirang,482162,Census 2011 via Wikidata (CC0),district_unique_nationally
IN-AS-darrang,928500,Census 2011 via Wikidata (CC0),district_unique_nationally
IN-AS-dhemaji,686133,Census 2011 via Wikidata (CC0),district_unique_nationally
IN-AS-dhubri,1949258,Census 2011 via Wikidata (CC0),district_unique_nationally
IN-AS-dibrugarh,1326335,Census 2011 via Wikidata (CC0),district_unique_nationally
IN-AS-dima-hasao,214102,Census 2011 via Wikidata (CC0),district_unique_nationally
IN-AS-goalpara,1008183,Census 2011 via Wikidata (CC0),district_unique_nationally
IN-AS-golaghat,1066888,Census 2011 via Wikidata (CC0),district_unique_nationally
IN-AS-hailakandi,659296,Census 2011 via Wikidata (CC0),district_unique_nationally
IN-AS-jorhat,1092256,Census 2011 via Wikidata (CC0),district_unique_nationally
IN-AS-kamrup,1517542,Census 2011 via Wikidata (CC0),district_unique_nationally
IN-AS-kamrup-metropolitan,1253938,Census 2011 via Wikidata (CC0),district_unique_nationally
IN-AS-karbi-anglong,956313,Census 2011 via Wikidata (CC0),district_unique_nationally
IN-AS-kokrajhar,887142,Census 2011 via Wikidata (CC0),district_unique_nationally
IN-AS-lakhimpur,1042137,Census 2011 via Wikidata (CC0),district_unique_nationally
IN-AS-nalbari,771639,Census 2011 via Wikidata (CC0),district_unique_nationally
IN-AS-sivasagar,1151050,Census 2011 via Wikidata (CC0),district_unique_nationally
IN-AS-sonitpur,1924110,Census 2011 via Wikidata (CC0),district_unique_nationally
IN-AS-tinsukia,1327929,Census 2011 via Wikidata (CC0),district_unique_nationally
IN-AS-udalguri,831668,Census 2011 via Wikidata (CC0),district_unique_nationally
IN-BR-araria,2811569,Census 2011 via Wikidata (CC0),district_unique_nationally
IN-BR-arwal,700843,Census 2011 via Wikidata (CC0),district_unique_nationally
IN-BR-banka,2034763,Census 2011 via Wikidata (CC0),district_unique_nationally
IN-BR-begusarai,2970541,Census 2011 via Wikidata (CC0),district_unique_nationally
IN-BR-bhagalpur,3037766,Census 2011 via Wikidata (CC0),district_unique_nationally
IN-BR-bhojpur,2728407,Census 2011 via Wikidata (CC0),district_unique_nationally
IN-BR-buxar,1706352,Census 2011 via Wikidata (CC0),district_unique_nationally
IN-BR-darbhanga,3937385,Census 2011 via Wikidata (CC0),district_unique_nationally
IN-BR-gaya,4391418,Census 2011 via Wikidata (CC0),district_unique_nationally
IN-BR-gopalganj,2562012,Census 2011 via Wikidata (CC0),district_unique_nationally
IN-BR-jamui,1760405,Census 2011 via Wikidata (CC0),district_unique_nationally
IN-BR-jehanabad,1125313,Census 2011 via Wikidata (CC0),district_unique_nationally
IN-BR-katihar,3071029,Census 2011 via Wikidata (CC0),district_unique_nationally
IN-BR-khagaria,1666886,Census 2011 via Wikidata (CC0),district_unique_nationally
IN-BR-kishanganj,1690400,Census 2011 via Wikidata (CC0),district_unique_nationally
IN-BR-lakhisarai,1000912,Census 2011 via Wikidata (CC0),district_unique_nationally
IN-BR-madhepura,2001762,Census 2011 via Wikidata (CC0),district_unique_nationally
IN-BR-madhubani,4487379,Census 2011 via Wikidata (CC0),district_unique_nationally
IN-BR-munger,1367765,Census 2011 via Wikidata (CC0),district_unique_nationally
IN-BR-muzaffarpur,4801062,Census 2011 via Wikidata (CC0),district_unique_nationally
IN-BR-nalanda,2877653,Census 2011 via Wikidata (CC0),district_unique_nationally
IN-BR-nawada,2219146,Census 2011 via Wikidata (CC0),district_unique_nationally
IN-BR-patna,5838465,Census 2011 via Wikidata (CC0),district_unique_nationally
IN-BR-purnia,3264619,Census 2011 via Wikidata (CC0),district_unique_nationally
IN-BR-rohtas,2959918,Census 2011 via Wikidata (CC0),district_unique_nationally
IN-BR-saharsa,1900661,Census 2011 via Wikidata (CC0),district_unique_nationally
IN-BR-samastipur,4261566,Census 2011 via Wikidata (CC0),district_unique_nationally
IN-BR-sheikhpura,636342,Census 2011 via Wikidata (CC0),district_unique_nationally
IN-BR-sheohar,656246,Census 2011 via Wikidata (CC0),district_unique_nationally
IN-BR-sitamarhi,3423574,Census 2011 via Wikidata (CC0),district_unique_nationally
IN-BR-siwan,3330464,Census 2011 via Wikidata (CC0),district_unique_nationally
IN-BR-supaul,2229076,Census 2011 via Wikidata (CC0),district_unique_nationally
IN-BR-vaishali,3495021,Census 2011 via Wikidata (CC0),district_unique_nationally
IN-CH-chandigarh,1055450,Census 2011 via Wikidata (CC0),exact_state_district
IN-CT-bastar,1413199,Census 2011 via Wikidata (CC0),district_unique_nationally
IN-CT-dhamtari,799781,Census 2011 via Wikidata (CC0),district_unique_nationally
IN-CT-durg,3343872,Census 2011 via Wikidata (CC0),district_unique_nationally
IN-CT-janjgir-champa,1619707,Census 2011 via Wikidata (CC0),district_unique_nationally
IN-CT-jashpur,851669,Census 2011 via Wikidata (CC0),district_unique_nationally
IN-CT-korba,1206640,Census 2011 via Wikidata (CC0),district_unique_nationally
IN-CT-koriya,658917,Census 2011 via Wikidata (CC0),district_unique_nationally
IN-CT-mahasamund,1032754,Census 2011 via Wikidata (CC0),district_unique_nationally
IN-CT-narayanpur,139820,Census 2011 via Wikidata (CC0),district_unique_nationally
IN-CT-raipur,4063872,Census 2011 via Wikidata (CC0),district_unique_nationally
IN-CT-rajnandgaon,1537133,Census 2011 via Wikidata (CC0),district_unique_nationally
IN-CT-surguja,2359886,Census 2011 via Wikidata (CC0),district_unique_nationally
IN-DH-daman,191173,Census 2011 via Wikidata (CC0),district_unique_nationally
IN-DH-diu,52074,Census 2011 via Wikidata (CC0),district_unique_nationally
IN-GA-north-goa,818008,Census 2011 via Wikidata (CC0),exact_state_district
IN-GA-south-goa,640537,Census 2011 via Wikidata (CC0),exact_state_district
IN-GJ-ahmadabad,7214225,Census 2011 via Wikidata (CC0),fuzzy_within_state
IN-GJ-amreli,1514190,Census 2011 via Wikidata (CC0),exact_state_district
IN-GJ-anand,2092745,Census 2011 via Wikidata (CC0),exact_state_district
IN-GJ-banas-kantha,3120506,Census 2011 via Wikidata (CC0),exact_state_district
IN-GJ-bharuch,1551019,Census 2011 via Wikidata (CC0),exact_state_district
IN-GJ-bhavnagar,2880365,Census 2011 via Wikidata (CC0),exact_state_district
IN-GJ-gandhinagar,1391753,Census 2011 via Wikidata (CC0),exact_state_district
IN-GJ-jamnagar,2160119,Census 2011 via Wikidata (CC0),exact_state_district
IN-GJ-junagadh,2743082,Census 2011 via Wikidata (CC0),exact_state_district
IN-GJ-kheda,2299885,Census 2011 via Wikidata (CC0),exact_state_district
IN-GJ-narmada,590297,Census 2011 via Wikidata (CC0),exact_state_district
IN-GJ-navsari,1329672,Census 2011 via Wikidata (CC0),exact_state_district
IN-GJ-panch-mahals,2390776,Census 2011 via Wikidata (CC0),fuzzy_within_state
IN-GJ-patan,1343734,Census 2011 via Wikidata (CC0),exact_state_district
IN-GJ-porbandar,585449,Census 2011 via Wikidata (CC0),exact_state_district
IN-GJ-rajkot,3804558,Census 2011 via Wikidata (CC0),exact_state_district
IN-GJ-sabar-kantha,2428589,Census 2011 via Wikidata (CC0),exact_state_district
IN-GJ-surat,6081322,Census 2011 via Wikidata (CC0),exact_state_district
IN-GJ-surendranagar,1756268,Census 2011 via Wikidata (CC0),exact_state_district
IN-GJ-tapi,807022,Census 2011 via Wikidata (CC0),exact_state_district
IN-GJ-vadodara,4165626,Census 2011 via Wikidata (CC0),exact_state_district
IN-GJ-valsad,1705678,Census 2011 via Wikidata (CC0),exact_state_district
IN-HP-bilaspur,381956,Census 2011 via Wikidata (CC0),exact_state_district
IN-HP-chamba,519080,Census 2011 via Wikidata (CC0),exact_state_district
IN-HP-hamirpur,454768,Census 2011 via Wikidata (CC0),exact_state_district
IN-HP-kangra,1510075,Census 2011 via Wikidata (CC0),exact_state_district
IN-HP-kinnaur,84121,Census 2011 via Wikidata (CC0),exact_state_district
IN-HP-kullu,437903,Census 2011 via Wikidata (CC0),exact_state_district
IN-HP-mandi,999777,Census 2011 via Wikidata (CC0),exact_state_district
IN-HP-shimla,814010,Census 2011 via Wikidata (CC0),exact_state_district
IN-HP-sirmaur,529855,Census 2011 via Wikidata (CC0),exact_state_district
IN-HP-solan,580320,Census 2011 via Wikidata (CC0),exact_state_district
IN-HP-una,521173,Census 2011 via Wikidata (CC0),exact_state_district
IN-HR-ambala,1128350,Census 2011 via Wikidata (CC0),district_unique_nationally
IN-HR-bhiwani,1634445,Census 2011 via Wikidata (CC0),district_unique_nationally
IN-HR-faridabad,1809733,Census 2011 via Wikidata (CC0),district_unique_nationally
IN-HR-fatehabad,942011,Census 2011 via Wikidata (CC0),district_unique_nationally
IN-HR-hisar,1743931,Census 2011 via Wikidata (CC0),district_unique_nationally
IN-HR-jhajjar,958405,Census 2011 via Wikidata (CC0),district_unique_nationally
IN-HR-jind,1334152,Census 2011 via Wikidata (CC0),district_unique_nationally
IN-HR-kaithal,1074304,Census 2011 via Wikidata (CC0),district_unique_nationally
IN-HR-karnal,1505324,Census 2011 via Wikidata (CC0),district_unique_nationally
IN-HR-kurukshetra,964655,Census 2011 via Wikidata (CC0),district_unique_nationally
IN-HR-mahendragarh,922088,Census 2011 via Wikidata (CC0),district_unique_nationally
IN-HR-palwal,1042708,Census 2011 via Wikidata (CC0),district_unique_nationally
IN-HR-panchkula,561293,Census 2011 via Wikidata (CC0),district_unique_nationally
IN-HR-panipat,1205437,Census 2011 via Wikidata (CC0),district_unique_nationally
IN-HR-rewari,900332,Census 2011 via Wikidata (CC0),district_unique_nationally
IN-HR-rohtak,1061204,Census 2011 via Wikidata (CC0),district_unique_nationally
IN-HR-sirsa,1295189,Census 2011 via Wikidata (CC0),district_unique_nationally
IN-HR-sonipat,1450001,Census 2011 via Wikidata (CC0),district_unique_nationally
IN-HR-yamunanagar,1214205,Census 2011 via Wikidata (CC0),district_unique_nationally
IN-JH-bokaro,2062330,Census 2011 via Wikidata (CC0),district_unique_nationally
IN-JH-chatra,1042886,Census 2011 via Wikidata (CC0),district_unique_nationally
IN-JH-deoghar,1492073,Census 2011 via Wikidata (CC0),district_unique_nationally
IN-JH-dumka,1321442,Census 2011 via Wikidata (CC0),district_unique_nationally
IN-JH-garhwa,1322784,Census 2011 via Wikidata (CC0),district_unique_nationally
IN-JH-giridih,2445474,Census 2011 via Wikidata (CC0),district_unique_nationally
IN-JH-godda,1313551,Census 2011 via Wikidata (CC0),district_unique_nationally
IN-JH-gumla,1025213,Census 2011 via Wikidata (CC0),district_unique_nationally
IN-JH-hazaribagh,1734495,Census 2011 via Wikidata (CC0),district_unique_nationally
IN-JH-jamtara,791042,Census 2011 via Wikidata (CC0),district_unique_nationally
IN-JH-khunti,531885,Census 2011 via Wikidata (CC0),district_unique_nationally
IN-JH-latehar,726978,Census 2011 via Wikidata (CC0),district_unique_nationally
IN-JH-lohardaga,461790,Census 2011 via Wikidata (CC0),district_unique_nationally
IN-JH-pakur,900422,Census 2011 via Wikidata (CC0),district_unique_nationally
IN-JH-palamu,1939869,Census 2011 via Wikidata (CC0),district_unique_nationally
IN-JH-ramgarh,949443,Census 2011 via Wikidata (CC0),district_unique_nationally
IN-JH-ranchi,2914253,Census 2011 via Wikidata (CC0),district_unique_nationally
IN-JH-simdega,599578,Census 2011 via Wikidata (CC0),district_unique_nationally
IN-JK-anantnag,1078692,Census 2011 via Wikidata (CC0),district_unique_nationally
IN-JK-bandipore,392232,Census 2011 via Wikidata (CC0),district_unique_nationally
IN-JK-doda,409936,Census 2011 via Wikidata (CC0),district_unique_nationally
IN-JK-ganderbal,297446,Census 2011 via Wikidata (CC0),district_unique_nationally
IN-JK-jammu,1529958,Census 2011 via Wikidata (CC0),district_unique_nationally
IN-JK-kargil,140802,Census 2011 via Wikidata (CC0),district_unique_nationally
IN-JK-kathua,616435,Census 2011 via Wikidata (CC0),district_unique_nationally
IN-JK-kishtwar,230696,Census 2011 via Wikidata (CC0),district_unique_nationally
IN-JK-kulgam,424483,Census 2011 via Wikidata (CC0),district_unique_nationally
IN-JK-kupwara,870354,Census 2011 via Wikidata (CC0),district_unique_nationally
IN-JK-pulwama,560440,Census 2011 via Wikidata (CC0),district_unique_nationally
IN-JK-rajouri,642415,Census 2011 via Wikidata (CC0),district_unique_nationally
IN-JK-ramban,283713,Census 2011 via Wikidata (CC0),district_unique_nationally
IN-JK-reasi,314667,Census 2011 via Wikidata (CC0),district_unique_nationally
IN-JK-samba,318898,Census 2011 via Wikidata (CC0),district_unique_nationally
IN-JK-srinagar,1236829,Census 2011 via Wikidata (CC0),district_unique_nationally
IN-JK-udhampur,554985,Census 2011 via Wikidata (CC0),district_unique_nationally
IN-KA-bagalkot,1889752,Census 2011 via Wikidata (CC0),district_unique_nationally
IN-KA-bidar,1703300,Census 2011 via Wikidata (CC0),district_unique_nationally
IN-KA-chikkaballapura,1255104,Census 2011 via Wikidata (CC0),district_unique_nationally
IN-KA-chikmagalur,1137961,Census 2011 via Wikidata (CC0),district_unique_nationally
IN-KA-chitradurga,1659456,Census 2011 via Wikidata (CC0),district_unique_nationally
IN-KA-dakshina-kannada,2089649,Census 2011 via Wikidata (CC0),district_unique_nationally
IN-KA-davanagere,1945497,Census 2011 via Wikidata (CC0),district_unique_nationally
IN-KA-dharwad,1847023,Census 2011 via Wikidata (CC0),district_unique_nationally
IN-KA-gadag,1064570,Census 2011 via Wikidata (CC0),district_unique_nationally
IN-KA-hassan,1776421,Census 2011 via Wikidata (CC0),district_unique_nationally
IN-KA-haveri,1597668,Census 2011 via Wikidata (CC0),district_unique_nationally
IN-KA-kodagu,554519,Census 2011 via Wikidata (CC0),district_unique_nationally
IN-KA-kolar,1536401,Census 2011 via Wikidata (CC0),district_unique_nationally
IN-KA-koppal,1389920,Census 2011 via Wikidata (CC0),district_unique_nationally
IN-KA-mandya,1805769,Census 2011 via Wikidata (CC0),district_unique_nationally
IN-KA-raichur,1928812,Census 2011 via Wikidata (CC0),district_unique_nationally
IN-KA-shimoga,1752753,Census 2011 via Wikidata (CC0),district_unique_nationally
IN-KA-tumkur,2678980,Census 2011 via Wikidata (CC0),district_unique_nationally
IN-KA-udupi,1177361,Census 2011 via Wikidata (CC0),district_unique_nationally
IN-KA-uttara-kannada,1437169,Census 2011 via Wikidata (CC0),district_unique_nationally
IN-KA-yadgir,1174271,Census 2011 via Wikidata (CC0),district_unique_nationally
IN-KL-alappuzha,2127789,Census 2011 via Wikidata (CC0),exact_state_district
IN-KL-ernakulam,3282388,Census 2011 via Wikidata (CC0),exact_state_district
IN-KL-idukki,1108974,Census 2011 via Wikidata (CC0),exact_state_district
IN-KL-kannur,2523003,Census 2011 via Wikidata (CC0),exact_state_district
IN-KL-kasaragod,1307375,Census 2011 via Wikidata (CC0),exact_state_district
IN-KL-kollam,2635375,Census 2011 via Wikidata (CC0),exact_state_district
IN-KL-kottayam,1974551,Census 2011 via Wikidata (CC0),exact_state_district
IN-KL-kozhikode,3086293,Census 2011 via Wikidata (CC0),exact_state_district
IN-KL-malappuram,4112920,Census 2011 via Wikidata (CC0),exact_state_district
IN-KL-palakkad,2809934,Census 2011 via Wikidata (CC0),exact_state_district
IN-KL-pathanamthitta,1197412,Census 2011 via Wikidata (CC0),exact_state_district
IN-KL-thiruvananthapuram,3301427,Census 2011 via Wikidata (CC0),exact_state_district
IN-KL-thrissur,3121200,Census 2011 via Wikidata (CC0),exact_state_district
IN-KL-wayanad,817420,Census 2011 via Wikidata (CC0),exact_state_district
IN-LD-lakshadweep,64473,Census 2011 via Wikidata (CC0),exact_state_district
IN-MH-akola,1813906,Census 2011 via Wikidata (CC0),district_unique_nationally
IN-MH-amravati,2888445,Census 2011 via Wikidata (CC0),district_unique_nationally
IN-MH-bhandara,1200334,Census 2011 via Wikidata (CC0),district_unique_nationally
IN-MH-chandrapur,2204307,Census 2011 via Wikidata (CC0),district_unique_nationally
IN-MH-dhule,2050862,Census 2011 via Wikidata (CC0),district_unique_nationally
IN-MH-hingoli,1177345,Census 2011 via Wikidata (CC0),district_unique_nationally
IN-MH-jalgaon,4229917,Census 2011 via Wikidata (CC0),district_unique_nationally
IN-MH-jalna,1959046,Census 2011 via Wikidata (CC0),district_unique_nationally
IN-MH-kolhapur,3876001,Census 2011 via Wikidata (CC0),district_unique_nationally
IN-MH-latur,2454196,Census 2011 via Wikidata (CC0),district_unique_nationally
IN-MH-mumbai-suburban,9356962,Census 2011 via Wikidata (CC0),district_unique_nationally
IN-MH-nagpur,4653570,Census 2011 via Wikidata (CC0),district_unique_nationally
IN-MH-nanded,3361292,Census 2011 via Wikidata (CC0),district_unique_nationally
IN-MH-nandurbar,1648295,Census 2011 via Wikidata (CC0),district_unique_nationally
IN-MH-nashik,6107187,Census 2011 via Wikidata (CC0),district_unique_nationally
IN-MH-parbhani,1836086,Census 2011 via Wikidata (CC0),district_unique_nationally
IN-MH-pune,9429408,Census 2011 via Wikidata (CC0),district_unique_nationally
IN-MH-ratnagiri,1615069,Census 2011 via Wikidata (CC0),district_unique_nationally
IN-MH-sangli,2822143,Census 2011 via Wikidata (CC0),district_unique_nationally
IN-MH-satara,3003741,Census 2011 via Wikidata (CC0),district_unique_nationally
IN-MH-sindhudurg,849651,Census 2011 via Wikidata (CC0),district_unique_nationally
IN-MH-solapur,4317756,Census 2011 via Wikidata (CC0),district_unique_nationally
IN-MH-thane,11060148,Census 2011 via Wikidata (CC0),district_unique_nationally
IN-MH-wardha,1300774,Census 2011 via Wikidata (CC0),district_unique_nationally
IN-MH-washim,1197160,Census 2011 via Wikidata (CC0),district_unique_nationally
IN-MH-yavatmal,2772348,Census 2011 via Wikidata (CC0),district_unique_nationally
IN-ML-east-garo-hills,317917,Census 2011 via Wikidata (CC0),exact_state_district
IN-ML-east-khasi-hills,825922,Census 2011 via Wikidata (CC0),exact_state_district
IN-ML-jaintia-hills,395124,Census 2011 via Wikidata (CC0),exact_state_district
IN-ML-ri-bhoi,258840,Census 2011 via Wikidata (CC0),exact_state_district
IN-ML-south-garo-hills,142334,Census 2011 via Wikidata (CC0),exact_state_district
IN-ML-west-garo-hills,643291,Census 2011 via Wikidata (CC0),exact_state_district
IN-ML-west-khasi-hills,383461,Census 2011 via Wikidata (CC0),exact_state_district
IN-MN-bishnupur,237399,Census 2011 via Wikidata (CC0),exact_state_district
IN-MN-chandel,144182,Census 2011 via Wikidata (CC0),exact_state_district
IN-MN-churachandpur,274143,Census 2011 via Wikidata (CC0),exact_state_district
IN-MN-imphal-east,456113,Census 2011 via Wikidata (CC0),exact_state_district
IN-MN-imphal-west,517992,Census 2011 via Wikidata (CC0),exact_state_district
IN-MN-senapati,479148,Census 2011 via Wikidata (CC0),exact_state_district
IN-MN-tamenglong,140651,Census 2011 via Wikidata (CC0),exact_state_district
IN-MN-thoubal,422168,Census 2011 via Wikidata (CC0),exact_state_district
IN-MN-ukhrul,183998,Census 2011 via Wikidata (CC0),exact_state_district
IN-MP-alirajpur,728999,Census 2011 via Wikidata (CC0),district_unique_nationally
IN-MP-anuppur,749237,Census 2011 via Wikidata (CC0),district_unique_nationally
IN-MP-ashoknagar,845071,Census 2011 via Wikidata (CC0),district_unique_nationally
IN-MP-balaghat,1701698,Census 2011 via Wikidata (CC0),district_unique_nationally
IN-MP-barwani,1385881,Census 2011 via Wikidata (CC0),district_unique_nationally
IN-MP-betul,1575362,Census 2011 via Wikidata (CC0),district_unique_nationally
IN-MP-bhind,1703005,Census 2011 via Wikidata (CC0),district_unique_nationally
IN-MP-bhopal,2371061,Census 2011 via Wikidata (CC0),district_unique_nationally
IN-MP-burhanpur,757847,Census 2011 via Wikidata (CC0),district_unique_nationally
IN-MP-chhatarpur,1762375,Census 2011 via Wikidata (CC0),district_unique_nationally
IN-MP-chhindwara,2090922,Census 2011 via Wikidata (CC0),district_unique_nationally
IN-MP-damoh,1264219,Census 2011 via Wikidata (CC0),district_unique_nationally
IN-MP-datia,786754,Census 2011 via Wikidata (CC0),district_unique_nationally
IN-MP-dewas,1563715,Census 2011 via Wikidata (CC0),district_unique_nationally
IN-MP-dhar,2185793,Census 2011 via Wikidata (CC0),district_unique_nationally
IN-MP-dindori,704524,Census 2011 via Wikidata (CC0),district_unique_nationally
IN-MP-guna,1241519,Census 2011 via Wikidata (CC0),district_unique_nationally
IN-MP-gwalior,2032036,Census 2011 via Wikidata (CC0),district_unique_nationally
IN-MP-harda,570465,Census 2011 via Wikidata (CC0),district_unique_nationally
IN-MP-indore,3276697,Census 2011 via Wikidata (CC0),district_unique_nationally
IN-MP-jabalpur,2463289,Census 2011 via Wikidata (CC0),district_unique_nationally
IN-MP-jhabua,1025048,Census 2011 via Wikidata (CC0),district_unique_nationally
IN-MP-katni,1292042,Census 2011 via Wikidata (CC0),district_unique_nationally
IN-MP-mandla,1054905,Census 2011 via Wikidata (CC0),district_unique_nationally
IN-MP-mandsaur,1340411,Census 2011 via Wikidata (CC0),district_unique_nationally
IN-MP-morena,1965970,Census 2011 via Wikidata (CC0),district_unique_nationally
IN-MP-neemuch,826067,Census 2011 via Wikidata (CC0),district_unique_nationally
IN-MP-panna,1016520,Census 2011 via Wikidata (CC0),district_unique_nationally
IN-MP-raisen,1331597,Census 2011 via Wikidata (CC0),district_unique_nationally
IN-MP-rajgarh,1545814,Census 2011 via Wikidata (CC0),district_unique_nationally
IN-MP-ratlam,1455069,Census 2011 via Wikidata (CC0),district_unique_nationally
IN-MP-rewa,2365106,Census 2011 via Wikidata (CC0),district_unique_nationally
IN-MP-sagar,2378458,Census 2011 via Wikidata (CC0),district_unique_nationally
IN-MP-satna,2228935,Census 2011 via Wikidata (CC0),district_unique_nationally
IN-MP-sehore,1311332,Census 2011 via Wikidata (CC0),district_unique_nationally
IN-MP-seoni,1379131,Census 2011 via Wikidata (CC0),district_unique_nationally
IN-MP-shahdol,1066063,Census 2011 via Wikidata (CC0),district_unique_nationally
IN-MP-shajapur,1512681,Census 2011 via Wikidata (CC0),district_unique_nationally
IN-MP-sheopur,687861,Census 2011 via Wikidata (CC0),district_unique_nationally
IN-MP-shivpuri,1726050,Census 2011 via Wikidata (CC0),district_unique_nationally
IN-MP-sidhi,1127033,Census 2011 via Wikidata (CC0),district_unique_nationally
IN-MP-singrauli,1178273,Census 2011 via Wikidata (CC0),district_unique_nationally
IN-MP-tikamgarh,1445166,Census 2011 via Wikidata (CC0),district_unique_nationally
IN-MP-ujjain,1986864,Census 2011 via Wikidata (CC0),district_unique_nationally
IN-MP-umaria,644758,Census 2011 via Wikidata (CC0),district_unique_nationally
IN-MP-vidisha,1458875,Census 2011 via Wikidata (CC0),district_unique_nationally
IN-MZ-aizawl,400309,Census 2011 via Wikidata (CC0),exact_state_district
IN-MZ-champhai,125745,Census 2011 via Wikidata (CC0),exact_state_district
IN-MZ-kolasib,83955,Census 2011 via Wikidata (CC0),exact_state_district
IN-MZ-lawangtlai,117894,Census 2011 via Wikidata (CC0),fuzzy_within_state
IN-MZ-lunglei,161428,Census 2011 via Wikidata (CC0),exact_state_district
IN-MZ-mamit,86364,Census 2011 via Wikidata (CC0),exact_state_district
IN-MZ-saiha,56574,Census 2011 via Wikidata (CC0),exact_state_district
IN-MZ-serchhip,64937,Census 2011 via Wikidata (CC0),exact_state_district
IN-NL-dimapur,378811,Census 2011 via Wikidata (CC0),exact_state_district
IN-NL-kiphire,74004,Census 2011 via Wikidata (CC0),exact_state_district
IN-NL-kohima,267988,Census 2011 via Wikidata (CC0),exact_state_district
IN-NL-longleng,50484,Census 2011 via Wikidata (CC0),exact_state_district
IN-NL-mokokchung,194622,Census 2011 via Wikidata (CC0),exact_state_district
IN-NL-mon,250260,Census 2011 via Wikidata (CC0),exact_state_district
IN-NL-peren,95219,Census 2011 via Wikidata (CC0),exact_state_district
IN-NL-phek,163418,Census 2011 via Wikidata (CC0),exact_state_district
IN-NL-tuensang,196596,Census 2011 via Wikidata (CC0),exact_state_district
IN-NL-wokha,166343,Census 2011 via Wikidata (CC0),exact_state_district
IN-NL-zunheboto,140757,Census 2011 via Wikidata (CC0),exact_state_district
IN-OR-balangir,1648997,Census 2011 via Wikidata (CC0),district_unique_nationally
IN-OR-bargarh,1481255,Census 2011 via Wikidata (CC0),district_unique_nationally
IN-OR-bhadrak,1506337,Census 2011 via Wikidata (CC0),district_unique_nationally
IN-OR-cuttack,2624470,Census 2011 via Wikidata (CC0),district_unique_nationally
IN-OR-debagarh,312520,Census 2011 via Wikidata (CC0),district_unique_nationally
IN-OR-dhenkanal,1192811,Census 2011 via Wikidata (CC0),district_unique_nationally
IN-OR-gajapati,577817,Census 2011 via Wikidata (CC0),district_unique_nationally
IN-OR-ganjam,3529031,Census 2011 via Wikidata (CC0),district_unique_nationally
IN-OR-jharsuguda,579505,Census 2011 via Wikidata (CC0),district_unique_nationally
IN-OR-kalahandi,1576869,Census 2011 via Wikidata (CC0),district_unique_nationally
IN-OR-kandhamal,733110,Census 2011 via Wikidata (CC0),district_unique_nationally
IN-OR-kendrapara,1440361,Census 2011 via Wikidata (CC0),district_unique_nationally
IN-OR-kendujhar,1801733,Census 2011 via Wikidata (CC0),district_unique_nationally
IN-OR-khordha,2251673,Census 2011 via Wikidata (CC0),district_unique_nationally
IN-OR-koraput,1379647,Census 2011 via Wikidata (CC0),district_unique_nationally
IN-OR-malkangiri,613192,Census 2011 via Wikidata (CC0),district_unique_nationally
IN-OR-mayurbhanj,2519738,Census 2011 via Wikidata (CC0),district_unique_nationally
IN-OR-nayagarh,962789,Census 2011 via Wikidata (CC0),district_unique_nationally
IN-OR-nuapada,610382,Census 2011 via Wikidata (CC0),district_unique_nationally
IN-OR-puri,1698730,Census 2011 via Wikidata (CC0),district_unique_nationally
IN-OR-rayagada,967911,Census 2011 via Wikidata (CC0),district_unique_nationally
IN-OR-sambalpur,1041099,Census 2011 via Wikidata (CC0),district_unique_nationally
IN-OR-subarnapur,610183,Census 2011 via Wikidata (CC0),district_unique_nationally
IN-OR-sundargarh,2093437,Census 2011 via Wikidata (CC0),district_unique_nationally
IN-PB-amritsar,2490656,Census 2011 via Wikidata (CC0),district_unique_nationally
IN-PB-barnala,595527,Census 2011 via Wikidata (CC0),district_unique_nationally
IN-PB-bathinda,1388525,Census 2011 via Wikidata (CC0),district_unique_nationally
IN-PB-faridkot,617508,Census 2011 via Wikidata (CC0),district_unique_nationally
IN-PB-fatehgarh-sahib,600163,Census 2011 via Wikidata (CC0),district_unique_nationally
IN-PB-firozpur,2029074,Census 2011 via Wikidata (CC0),district_unique_nationally
IN-PB-hoshiarpur,1586625,Census 2011 via Wikidata (CC0),district_unique_nationally
IN-PB-jalandhar,2193590,Census 2011 via Wikidata (CC0),district_unique_nationally
IN-PB-kapurthala,815168,Census 2011 via Wikidata (CC0),district_unique_nationally
IN-PB-ludhiana,3498739,Census 2011 via Wikidata (CC0),district_unique_nationally
IN-PB-mansa,769751,Census 2011 via Wikidata (CC0),district_unique_nationally
IN-PB-moga,995746,Census 2011 via Wikidata (CC0),district_unique_nationally
IN-PB-patiala,1895686,Census 2011 via Wikidata (CC0),district_unique_nationally
IN-PB-rupnagar,684627,Census 2011 via Wikidata (CC0),district_unique_nationally
IN-PB-sahibzada-ajit-singh-nagar,994628,Census 2011 via Wikidata (CC0),district_unique_nationally
IN-PB-sangrur,1655169,Census 2011 via Wikidata (CC0),district_unique_nationally
IN-PB-tarn-taran,1119627,Census 2011 via Wikidata (CC0),district_unique_nationally
IN-PY-karaikal,200222,Census 2011 via Wikidata (CC0),exact_state_district
IN-PY-puducherry,950289,Census 2011 via Wikidata (CC0),exact_state_district
IN-RJ-ajmer,2583052,Census 2011 via Wikidata (CC0),district_unique_nationally
IN-RJ-alwar,3674179,Census 2011 via Wikidata (CC0),district_unique_nationally
IN-RJ-banswara,1797485,Census 2011 via Wikidata (CC0),district_unique_nationally
IN-RJ-baran,1222755,Census 2011 via Wikidata (CC0),district_unique_nationally
IN-RJ-barmer,2603751,Census 2011 via Wikidata (CC0),district_unique_nationally
IN-RJ-bharatpur,2548462,Census 2011 via Wikidata (CC0),district_unique_nationally
IN-RJ-bhilwara,2408523,Census 2011 via Wikidata (CC0),district_unique_nationally
IN-RJ-bikaner,2363937,Census 2011 via Wikidata (CC0),district_unique_nationally
IN-RJ-bundi,1110906,Census 2011 via Wikidata (CC0),district_unique_nationally
IN-RJ-churu,2039547,Census 2011 via Wikidata (CC0),district_unique_nationally
IN-RJ-dausa,1634409,Census 2011 via Wikidata (CC0),district_unique_nationally
IN-RJ-dungarpur,1388552,Census 2011 via Wikidata (CC0),district_unique_nationally
IN-RJ-hanumangarh,1774692,Census 2011 via Wikidata (CC0),district_unique_nationally
IN-RJ-jaipur,6626178,Census 2011 via Wikidata (CC0),district_unique_nationally
IN-RJ-jaisalmer,669919,Census 2011 via Wikidata (CC0),district_unique_nationally
IN-RJ-jhalawar,1411129,Census 2011 via Wikidata (CC0),district_unique_nationally
IN-RJ-jodhpur,3687165,Census 2011 via Wikidata (CC0),district_unique_nationally
IN-RJ-karauli,1458248,Census 2011 via Wikidata (CC0),district_unique_nationally
IN-RJ-kota,1951014,Census 2011 via Wikidata (CC0),district_unique_nationally
IN-RJ-nagaur,3307743,Census 2011 via Wikidata (CC0),district_unique_nationally
IN-RJ-pali,2037573,Census 2011 via Wikidata (CC0),district_unique_nationally
IN-RJ-rajsamand,1156597,Census 2011 via Wikidata (CC0),district_unique_nationally
IN-RJ-sawai-madhopur,1335551,Census 2011 via Wikidata (CC0),district_unique_nationally
IN-RJ-sikar,2677333,Census 2011 via Wikidata (CC0),district_unique_nationally
IN-RJ-sirohi,1036346,Census 2011 via Wikidata (CC0),district_unique_nationally
IN-RJ-tonk,1421326,Census 2011 via Wikidata (CC0),district_unique_nationally
IN-RJ-udaipur,3068420,Census 2011 via Wikidata (CC0),district_unique_nationally
IN-TN-ariyalur,754894,Census 2011 via Wikidata (CC0),exact_state_district
IN-TN-chennai,4646732,Census 2011 via Wikidata (CC0),exact_state_district
IN-TN-coimbatore,3458045,Census 2011 via Wikidata (CC0),exact_state_district
IN-TN-cuddalore,2605914,Census 2011 via Wikidata (CC0),exact_state_district
IN-TN-dharmapuri,1506843,Census 2011 via Wikidata (CC0),exact_state_district
IN-TN-dindigul,2159775,Census 2011 via Wikidata (CC0),exact_state_district
IN-TN-erode,2251744,Census 2011 via Wikidata (CC0),exact_state_district
IN-TN-kanniyakumari,1870374,Census 2011 via Wikidata (CC0),exact_state_district
IN-TN-karur,1064493,Census 2011 via Wikidata (CC0),exact_state_district
IN-TN-krishnagiri,1879809,Census 2011 via Wikidata (CC0),exact_state_district
IN-TN-madurai,3038252,Census 2011 via Wikidata (CC0),exact_state_district
IN-TN-nagappattinam,1616450,Census 2011 via Wikidata (CC0),fuzzy_within_state
IN-TN-namakkal,1726601,Census 2011 via Wikidata (CC0),exact_state_district
IN-TN-perambalur,565223,Census 2011 via Wikidata (CC0),exact_state_district
IN-TN-pudukkottai,1618345,Census 2011 via Wikidata (CC0),exact_state_district
IN-TN-ramanathapuram,1353445,Census 2011 via Wikidata (CC0),exact_state_district
IN-TN-salem,3482056,Census 2011 via Wikidata (CC0),exact_state_district
IN-TN-sivaganga,1339101,Census 2011 via Wikidata (CC0),exact_state_district
IN-TN-thanjavur,2405890,Census 2011 via Wikidata (CC0),exact_state_district
IN-TN-theni,1245899,Census 2011 via Wikidata (CC0),exact_state_district
IN-TN-thiruvallur,3728104,Census 2011 via Wikidata (CC0),fuzzy_within_state
IN-TN-thiruvarur,1264277,Census 2011 via Wikidata (CC0),fuzzy_within_state
IN-TN-thoothukkudi,1750176,Census 2011 via Wikidata (CC0),fuzzy_within_state
IN-TN-tiruchirappalli,2722290,Census 2011 via Wikidata (CC0),exact_state_district
IN-TN-tirunelveli,3077233,Census 2011 via Wikidata (CC0),exact_state_district
IN-TN-tiruppur,2479052,Census 2011 via Wikidata (CC0),exact_state_district
IN-TN-tiruvannamalai,2464875,Census 2011 via Wikidata (CC0),exact_state_district
IN-TN-vellore,3936331,Census 2011 via Wikidata (CC0),exact_state_district
IN-TN-viluppuram,3458873,Census 2011 via Wikidata (CC0),exact_state_district
IN-TN-virudunagar,1942288,Census 2011 via Wikidata (CC0),fuzzy_within_state
IN-TR-dhalai,378230,Census 2011 via Wikidata (CC0),exact_state_district
IN-TR-north-tripura,693947,Census 2011 via Wikidata (CC0),exact_state_district
IN-TR-south-tripura,876001,Census 2011 via Wikidata (CC0),exact_state_district
IN-TR-west-tripura,1725739,Census 2011 via Wikidata (CC0),exact_state_district
IN-UP-agra,4418797,Census 2011 via Wikidata (CC0),district_unique_nationally
IN-UP-aligarh,3673889,Census 2011 via Wikidata (CC0),district_unique_nationally
IN-UP-ambedkar-nagar,2397888,Census 2011 via Wikidata (CC0),district_unique_nationally
IN-UP-auraiya,1379545,Census 2011 via Wikidata (CC0),district_unique_nationally
IN-UP-azamgarh,4613913,Census 2011 via Wikidata (CC0),district_unique_nationally
IN-UP-bahraich,3487731,Census 2011 via Wikidata (CC0),district_unique_nationally
IN-UP-ballia,3239774,Census 2011 via Wikidata (CC0),district_unique_nationally
IN-UP-balrampur,2148665,Census 2011 via Wikidata (CC0),district_unique_nationally
IN-UP-banda,1799410,Census 2011 via Wikidata (CC0),district_unique_nationally
IN-UP-bara-banki,3260699,Census 2011 via Wikidata (CC0),district_unique_nationally
IN-UP-bareilly,4448359,Census 2011 via Wikidata (CC0),district_unique_nationally
IN-UP-basti,2464464,Census 2011 via Wikidata (CC0),district_unique_nationally
IN-UP-bijnor,3682713,Census 2011 via Wikidata (CC0),district_unique_nationally
IN-UP-budaun,3681896,Census 2011 via Wikidata (CC0),district_unique_nationally
IN-UP-bulandshahr,3499171,Census 2011 via Wikidata (CC0),district_unique_nationally
IN-UP-chandauli,1952756,Census 2011 via Wikidata (CC0),district_unique_nationally
IN-UP-chitrakoot,991730,Census 2011 via Wikidata (CC0),district_unique_nationally
IN-UP-deoria,3100946,Census 2011 via Wikidata (CC0),district_unique_nationally
IN-UP-etah,1774480,Census 2011 via Wikidata (CC0),district_unique_nationally
IN-UP-etawah,1581810,Census 2011 via Wikidata (CC0),district_unique_nationally
IN-UP-farrukhabad,1885204,Census 2011 via Wikidata (CC0),district_unique_nationally
IN-UP-fatehpur,2632733,Census 2011 via Wikidata (CC0),district_unique_nationally
IN-UP-firozabad,2498156,Census 2011 via Wikidata (CC0),district_unique_nationally
IN-UP-ghaziabad,4681645,Census 2011 via Wikidata (CC0),district_unique_nationally
IN-UP-ghazipur,3620268,Census 2011 via Wikidata (CC0),district_unique_nationally
IN-UP-gonda,3433919,Census 2011 via Wikidata (CC0),district_unique_nationally
IN-UP-gorakhpur,4440895,Census 2011 via Wikidata (CC0),district_unique_nationally
IN-UP-hardoi,4092845,Census 2011 via Wikidata (CC0),district_unique_nationally
IN-UP-jalaun,1689974,Census 2011 via Wikidata (CC0),district_unique_nationally
IN-UP-jaunpur,4494204,Census 2011 via Wikidata (CC0),district_unique_nationally
IN-UP-jhansi,1998603,Census 2011 via Wikidata (CC0),district_unique_nationally
IN-UP-kannauj,1656616,Census 2011 via Wikidata (CC0),district_unique_nationally
IN-UP-kanpur-dehat,1796184,Census 2011 via Wikidata (CC0),district_unique_nationally
IN-UP-kanpur-nagar,4581268,Census 2011 via Wikidata (CC0),district_unique_nationally
IN-UP-kaushambi,1599596,Census 2011 via Wikidata (CC0),district_unique_nationally
IN-UP-kushinagar,3564544,Census 2011 via Wikidata (CC0),district_unique_nationally
IN-UP-lalitpur,1221592,Census 2011 via Wikidata (CC0),district_unique_nationally
IN-UP-lucknow,4589838,Census 2011 via Wikidata (CC0),district_unique_nationally
IN-UP-maharajganj,2684703,Census 2011 via Wikidata (CC0),district_unique_nationally
IN-UP-mahoba,875958,Census 2011 via Wikidata (CC0),district_unique_nationally
IN-UP-mainpuri,1868529,Census 2011 via Wikidata (CC0),district_unique_nationally
IN-UP-mathura,2547184,Census 2011 via Wikidata (CC0),district_unique_nationally
IN-UP-mau,2205968,Census 2011 via Wikidata (CC0),district_unique_nationally
IN-UP-meerut,3443689,Census 2011 via Wikidata (CC0),district_unique_nationally
IN-UP-mirzapur,2496970,Census 2011 via Wikidata (CC0),district_unique_nationally
IN-UP-moradabad,4772006,Census 2011 via Wikidata (CC0),district_unique_nationally
IN-UP-muzaffarnagar,4143512,Census 2011 via Wikidata (CC0),district_unique_nationally
IN-UP-pilibhit,2031007,Census 2011 via Wikidata (CC0),district_unique_nationally
IN-UP-rae-bareli,3405559,Census 2011 via Wikidata (CC0),district_unique_nationally
IN-UP-rampur,2335819,Census 2011 via Wikidata (CC0),district_unique_nationally
IN-UP-saharanpur,3466382,Census 2011 via Wikidata (CC0),district_unique_nationally
IN-UP-sant-kabir-nagar,1715183,Census 2011 via Wikidata (CC0),district_unique_nationally
IN-UP-shahjahanpur,3006538,Census 2011 via Wikidata (CC0),district_unique_nationally
IN-UP-siddharth-nagar,2559297,Census 2011 via Wikidata (CC0),district_unique_nationally
IN-UP-sitapur,4483992,Census 2011 via Wikidata (CC0),district_unique_nationally
IN-UP-sonbhadra,1862559,Census 2011 via Wikidata (CC0),district_unique_nationally
IN-UP-sultanpur,3797117,Census 2011 via Wikidata (CC0),district_unique_nationally
IN-UP-unnao,3108367,Census 2011 via Wikidata (CC0),district_unique_nationally
IN-UP-varanasi,3676841,Census 2011 via Wikidata (CC0),district_unique_nationally
IN-UT-almora,622506,Census 2011 via Wikidata (CC0),district_unique_nationally
IN-UT-bageshwar,259898,Census 2011 via Wikidata (CC0),district_unique_nationally
IN-UT-chamoli,391605,Census 2011 via Wikidata (CC0),district_unique_nationally
IN-UT-champawat,259648,Census 2011 via Wikidata (CC0),district_unique_nationally
IN-UT-dehradun,1696694,Census 2011 via Wikidata (CC0),district_unique_nationally
IN-UT-nainital,954605,Census 2011 via Wikidata (CC0),district_unique_nationally
IN-UT-pithoragarh,483439,Census 2011 via Wikidata (CC0),district_unique_nationally
IN-UT-rudraprayag,242285,Census 2011 via Wikidata (CC0),district_unique_nationally
IN-UT-tehri-garhwal,618931,Census 2011 via Wikidata (CC0),district_unique_nationally
IN-UT-udham-singh-nagar,1648902,Census 2011 via Wikidata (CC0),district_unique_nationally
IN-UT-uttarkashi,330086,Census 2011 via Wikidata (CC0),district_unique_nationally
IN-WB-bankura,3596674,Census 2011 via Wikidata (CC0),district_unique_nationally
IN-WB-birbhum,3502404,Census 2011 via Wikidata (CC0),district_unique_nationally
IN-WB-dakshin-dinajpur,1676276,Census 2011 via Wikidata (CC0),district_unique_nationally
IN-WB-jalpaiguri,3872846,Census 2011 via Wikidata (CC0),district_unique_nationally
IN-WB-kolkata,4496694,Census 2011 via Wikidata (CC0),district_unique_nationally
IN-WB-murshidabad,7103807,Census 2011 via Wikidata (CC0),district_unique_nationally
IN-WB-nadia,5167600,Census 2011 via Wikidata (CC0),district_unique_nationally
IN-WB-north-24-parganas,10009781,Census 2011 via Wikidata (CC0),district_unique_nationally
IN-WB-purba-medinipur,5095875,Census 2011 via Wikidata (CC0),district_unique_nationally
IN-WB-south-24-parganas,8161961,Census 2011 via Wikidata (CC0),district_unique_nationally
IN-WB-uttar-dinajpur,3007134,Census 2011 via Wikidata (CC0),district_unique_nationally
